SampleID,k__Viruses.f__Papillomaviridae.g__Dyolambdapapillomavirus,k__Viruses.o__Caudovirales.f__Podoviridae.g__Phikmvlikevirus,k__Viruses.o__Caudovirales.f__Myoviridae.g__Felixounalikevirus,k__Viruses.o__Caudovirales.f__Podoviridae.g__N4likevirus,k__Viruses.o__Caudovirales.f__Myoviridae.g__PhiCD119likevirus,k__Viruses.f__Anelloviridae.g__Epsilontorquevirus,k__Viruses.f__Flaviviridae.g__Pegivirus,k__Viruses.f__Parvoviridae.g__Copiparvovirus,k__Viruses.f__Anelloviridae.g__Iotatorquevirus,k__Viruses.o__Caudovirales.f__Siphoviridae.g__N15likevirus,k__Viruses.f__Hepadnaviridae.g__Orthohepadnavirus,k__Viruses.f__Parvoviridae.g__Dependoparvovirus,k__Viruses.o__Caudovirales.f__Siphoviridae.g__Corndoglikevirus,k__Viruses.f__Leviviridae.g__Levivirus,k__Viruses.f__Parvoviridae.g__Hepandensovirus,k__Viruses.o__Caudovirales.f__Podoviridae.g__Phieco32likevirus,k__Viruses.f__Papillomaviridae.g__Dyoomikronpapillomavirus,k__Viruses.f__Totiviridae.g__Leishmaniavirus,k__Viruses.f__Parvoviridae.g__Bocaparvovirus,k__Viruses.o__Caudovirales.f__Siphoviridae.g__Tm4likevirus,k__Viruses.f__Anelloviridae.g__Zetatorquevirus,k__Viruses.o__Caudovirales.f__Siphoviridae.g__Charlielikevirus,k__Viruses.o__Nidovirales.f__Arteriviridae.g__Arterivirus,k__Viruses.o__Caudovirales.f__Siphoviridae.g__Iebhlikevirus,k__Viruses.o__Caudovirales.f__Myoviridae.g__Mulikevirus,k__Viruses.o__Picornavirales.g__Bacillarnavirus,k__Viruses.f__Corticoviridae.g__Corticovirus,k__Viruses.f__Retroviridae.g__Spumavirus,k__Viruses.f__Narnaviridae.g__Narnavirus,k__Viruses.f__Reoviridae.g__Coltivirus,k__Viruses.f__Totiviridae.g__Totivirus,k__Viruses.f__Papillomaviridae.g__Kappapapillomavirus,k__Viruses.f__Reoviridae.g__Dinovernavirus,k__Viruses.f__Anelloviridae.g__Kappatorquevirus,k__Viruses.o__Mononegavirales.f__Rhabdoviridae.g__Nucleorhabdovirus,k__Viruses.o__Mononegavirales.f__Rhabdoviridae.g__Tibrovirus,k__Viruses.f__Hepadnaviridae.g__Avihepadnavirus,k__Viruses.o__Caudovirales.f__Siphoviridae.g__Bronlikevirus,k__Viruses.o__Caudovirales.f__Podoviridae.g__Bppunalikevirus,k__Viruses.o__Caudovirales.f__Siphoviridae.g__D3likevirus,k__Viruses.f__Caliciviridae.g__Norovirus,k__Viruses.f__Leviviridae.g__Allolevivirus,k__Viruses.o__Caudovirales.f__Siphoviridae.g__Omegalikevirus,k__Viruses.o__Picornavirales.f__Picornaviridae.g__Sakobuvirus,k__Viruses.o__Caudovirales.f__Siphoviridae.g__Pbiunalikevirus,k__Viruses.o__Caudovirales.f__Siphoviridae.g__Cjwunalikevirus,k__Bacteria.p__Proteobacteria.c__Gammaproteobacteria.o__Enterobacteriales.f__Enterobacteriaceae.g__Pragia,k__Bacteria.p__Proteobacteria.c__Gammaproteobacteria.o__Enterobacteriales.f__Enterobacteriaceae.g__Cronobacter,k__Bacteria.p__Bacteroidetes.c__Flavobacteriia.o__Flavobacteriales.f__Flavobacteriaceae.g__Leeuwenhoekiella,k__Bacteria.p__Proteobacteria.c__Gammaproteobacteria.o__Pasteurellales.f__Pasteurellaceae.g__Bibersteinia,k__Bacteria.p__Nitrospirae.c__Nitrospira.o__Nitrospirales.f__Nitrospiraceae.g__Leptospirillum,k__Bacteria.p__Proteobacteria.c__Betaproteobacteria.o__Neisseriales.f__Neisseriaceae.g__Simonsiella,k__Archaea.p__Euryarchaeota.c__Methanobacteria.o__Methanobacteriales.f__Methanobacteriaceae.g__Methanobrevibacter,k__Bacteria.p__Proteobacteria.c__Gammaproteobacteria.o__Orbales.f__Orbaceae.g__Frischella,k__Bacteria.p__Proteobacteria.c__Gammaproteobacteria.o__Pasteurellales.f__Pasteurellaceae.g__Histophilus,k__Bacteria.p__Proteobacteria.c__Gammaproteobacteria.o__Enterobacteriales.f__Enterobacteriaceae.g__Candidatus_Riesia,k__Bacteria.p__Actinobacteria.c__Actinobacteria.o__Pseudonocardiales.f__Pseudonocardiaceae.g__Prauserella,k__Bacteria.p__Actinobacteria.c__Coriobacteriia.o__Eggerthellales.f__Eggerthellaceae.g__Enterorhabdus,k__Bacteria.p__Firmicutes.c__Clostridia.o__Clostridiales.g__Epulopiscium,k__Bacteria.p__Proteobacteria.c__Deltaproteobacteria.g__Candidatus_Babela,k__Bacteria.p__Deferribacteres.c__Deferribacteres.o__Deferribacterales.f__Deferribacteraceae.g__Calditerrivibrio,k__Bacteria.p__Proteobacteria.c__Alphaproteobacteria.o__Rhodospirillales.f__Rhodospirillaceae.g__Haematospirillum,k__Bacteria.p__Proteobacteria.c__Betaproteobacteria.o__Neisseriales.f__Neisseriaceae.g__Vitreoscilla,k__Bacteria.p__Proteobacteria.c__Alphaproteobacteria.o__Magnetococcales.f__Magnetococcaceae.g__Magnetococcus,k__Bacteria.p__Firmicutes.c__Negativicutes.o__Selenomonadales.f__Sporomusaceae.g__Acetonema,k__Bacteria.p__Spirochaetes.c__Spirochaetia.f__Leptospiraceae.g__Leptonema,k__Bacteria.p__Firmicutes.c__Bacilli.o__Lactobacillales.f__Enterococcaceae.g__Enterococcus,k__Bacteria.p__Firmicutes.c__Clostridia.o__Clostridiales.f__Peptostreptococcaceae.g__Paeniclostridium,k__Bacteria.p__Proteobacteria.c__Gammaproteobacteria.o__Pasteurellales.f__Pasteurellaceae.g__Haemophilus,k__Bacteria.p__Proteobacteria.c__Alphaproteobacteria.o__Rhizobiales.f__Brucellaceae.g__Brucella,k__Bacteria.p__Proteobacteria.c__Gammaproteobacteria.o__Enterobacteriales.f__Enterobacteriaceae.g__Salmonella,k__Bacteria.p__Tenericutes.c__Mollicutes.o__Mycoplasmatales.f__Mycoplasmataceae.g__Mycoplasma,k__Bacteria.p__Proteobacteria.c__Gammaproteobacteria.o__Enterobacteriales.f__Enterobacteriaceae.g__Leminorella,k__Bacteria.p__Firmicutes.c__Bacilli.o__Bacillales.f__Bacillaceae.g__Ornithinibacillus,k__Bacteria.p__Actinobacteria.c__Actinobacteria.o__Pseudonocardiales.f__Pseudonocardiaceae.g__Saccharopolyspora,k__Bacteria.p__Synergistetes.c__Synergistia.o__Synergistales.f__Synergistaceae.g__Synergistes,k__Bacteria.p__Planctomycetes.c__Planctomycetia.o__Candidatus_Brocadiales.f__Candidatus_Brocadiaceae.g__Candidatus_Brocadia,k__Bacteria.p__Proteobacteria.c__Epsilonproteobacteria.o__Campylobacterales.f__Helicobacteraceae.g__Helicobacter,k__Bacteria.p__Chlamydiae.c__Chlamydiia.o__Chlamydiales.f__Simkaniaceae.g__Simkania,k__Bacteria.p__Proteobacteria.c__Gammaproteobacteria.o__Enterobacteriales.f__Enterobacteriaceae.g__Candidatus_Regiella,k__Bacteria.p__Bacteroidetes.c__Bacteroidia.o__Bacteroidales.f__Porphyromonadaceae.g__Parabacteroides,k__Bacteria.p__Proteobacteria.c__Betaproteobacteria.o__Burkholderiales.f__Alcaligenaceae.g__Brackiella,k__Bacteria.p__Actinobacteria.c__Actinobacteria.o__Micrococcales.f__Microbacteriaceae.g__Leifsonia,k__Bacteria.p__Proteobacteria.c__Deltaproteobacteria.o__Bdellovibrionales.f__Bacteriovoracaceae.g__Bacteriovorax,k__Bacteria.p__Proteobacteria.c__Alphaproteobacteria.o__Rhizobiales.f__Phyllobacteriaceae.g__Aquamicrobium
s17805,3.051543281,3.798845901,3.045500476,3.01255565,3.080467052,3.080511336,3.080335545,3.269204835,3.065117585,3.080250467,2.659075267,3.077928615,3.080200371,3.077870803,3.08057834,3.078374979,3.080159156,3.08050019,3.079379901,3.080529736,3.080037304,3.078692124,3.080494764,3.080271434,3.080709138,3.080010951,3.079848752,3.07944267,3.086880726,3.080138017,3.082402507,3.079958648,3.080539473,3.080530879,3.080524656,3.080407161,3.116562417,3.080619185,3.079975195,3.080598657,3.079941394,3.080307309,3.080590369,3.080553239,3.079899889,3.080498698,2.795970358,6.347680821,2.698912958,6.289408192,3.269581105,3.363428082,12.68822108,2.824738729,9.870531138,2.114235037,3.410933763,5.477220571,7.634388167,2.265133678,3.026197998,3.132291418,4.288509331,2.882131281,3.44257424,3.091837989,16.961717,8.493146897,12.6477079,7.200492991,18.42382359,15.60321512,2.741739884,3.912859316,2.24701372,6.673643761,3.70246612,14.85797621,3.121257398,2.30986996,10.29459143,9.105530991,4.20698468,2.683922939,3.123318277
s17623,3.054796088,2.349491743,3.036288793,3.053105959,3.080471161,3.080552857,3.08014735,3.270513837,3.071816028,3.077456539,3.007743336,3.077796936,3.080204083,3.078058368,3.080570737,3.078583164,3.080287996,3.080501456,3.079457069,3.080786803,3.0801877,3.078927631,3.080496831,3.080295303,3.080674708,3.080118627,3.079874678,3.079461551,3.089454123,3.080102982,3.082624083,3.079961804,3.080545152,3.080525508,3.080507981,3.080410474,3.116435291,3.080613767,3.080226787,3.080649753,3.079914774,3.080205441,3.080651284,3.080591406,3.079906318,3.080499659,2.828336331,6.624918754,2.822905554,3.884286305,3.805553907,3.693004139,11.71795482,3.394708548,10.06175384,3.745487553,3.929037306,5.474324268,7.320670231,1.851585697,3.166656386,3.177258802,4.507200729,3.46971644,3.961358917,3.023133684,16.42251299,8.733371214,12.72344116,8.095232425,17.98869395,14.92832151,3.33690678,3.898761671,1.250467324,5.564288915,5.089939412,14.23625214,3.080614187,3.03627278,10.16803835,9.254329314,5.41414951,3.476365768,3.117194553
s17992,3.054796088,2.349491743,3.036288793,3.053105959,3.080471161,3.080552857,3.08014735,3.270513837,3.071816028,3.077456539,3.007743336,3.077796936,3.080204083,3.078058368,3.080570737,3.078583164,3.080287996,3.080501456,3.079457069,3.080786803,3.0801877,3.078927631,3.080496831,3.080295303,3.080674708,3.080118627,3.079874678,3.079461551,3.089454123,3.080102982,3.082624083,3.079961804,3.080545152,3.080525508,3.080507981,3.080410474,3.116435291,3.080613767,3.080226787,3.080649753,3.079914774,3.080205441,3.080651284,3.080591406,3.079906318,3.080499659,2.828336331,7.537802871,2.822905554,4.499054763,3.250096364,2.776466325,11.71795482,2.839251005,8.472623637,2.277260688,5.311414681,5.474324268,6.798684166,2.466354155,3.166656386,3.177258802,3.951743186,2.914258897,2.948977005,3.767841742,16.42251299,8.099753974,12.72344116,7.881810965,19.11409979,14.20244647,2.781449237,3.413194439,4.074154153,6.308996973,3.514100565,14.23625214,3.080614187,2.480815237,9.964437687,8.711124425,5.41414951,2.519063871,3.117194553
s16806,3.06109563,2.491662336,3.079766947,3.055092595,3.080472392,3.080526414,3.079828241,3.269260737,3.062684534,3.080072613,0.405711739,3.077403179,3.080225809,3.079485282,3.080563298,3.078483886,3.081028644,3.080501811,3.079498254,3.080464176,3.080904608,3.080329249,3.080502644,3.080289148,3.080427879,3.080047705,3.079880921,3.07948641,3.086717805,3.080154431,3.081818715,3.079938818,3.080588943,3.080555917,3.080502402,3.08041101,3.116090079,3.080606249,3.079674309,3.080594198,3.079865714,3.080221506,3.080602774,3.080556725,3.079976266,3.080498674,2.912441603,7.717290221,2.776740302,4.253940481,3.276189386,2.437395992,11.71961122,2.956589293,9.133940382,2.653679387,5.109043267,5.477794862,6.760925274,1.902418711,3.10437533,6.458130896,3.951001302,2.916681017,4.521582396,3.01476093,16.56807416,8.651680544,11.75282751,8.683693548,18.65343554,14.32678556,2.757591066,2.007577221,1.455680455,5.752610017,2.61154831,14.42207142,3.039757655,2.479159668,10.01926942,6.729310533,5.52665035,2.043621697,3.108961965
s16916,3.061652624,2.49723576,3.074141156,3.051071359,3.080467043,3.08058349,3.079931274,3.269012568,3.071295091,3.080188333,15.65249684,3.077337742,3.08020733,3.079552326,3.080497676,3.07739601,3.078455487,3.080502908,3.079675192,3.080482114,3.08110023,3.080629511,3.080504308,3.080294106,3.0804863,3.080097351,3.079896431,3.07948666,3.086791996,3.080263763,3.081693198,3.079927,3.080562114,3.080532043,3.080567499,3.080410919,3.116028082,3.080603569,3.079574199,3.080595107,3.079881088,3.080176684,3.080570038,3.080654432,3.079898918,3.080498774,2.893441671,6.456644254,2.754347569,4.106460383,3.219507291,5.413264911,11.66885219,2.966836891,9.820307507,2.586808572,5.956772121,5.449498783,5.651588972,1.830032457,3.081158922,3.205054077,3.865234989,2.903151959,3.874907803,3.004702807,16.50896713,9.701664094,12.19449705,8.210042124,18.66728279,14.62444578,2.777357099,1.921625262,1.545772095,5.67544986,2.573587109,14.39231795,3.083589312,2.42130311,9.086588809,8.915614549,2.062715454,2.018932567,3.098496568
s16650,3.058622768,2.481843455,3.07568879,3.057208022,3.08046545,3.08048587,3.080270483,3.268634915,3.070421977,3.080083429,2.719509323,3.077879754,3.08019299,3.079106099,3.080521609,3.07776329,3.080767083,3.080501825,3.079547805,3.08049571,3.08066283,3.079921033,3.080500473,3.080278243,3.080606636,3.080032258,3.079857591,3.07946926,3.087036267,3.080121715,3.082147071,3.079924394,3.08052008,3.080506097,3.080520776,3.080405472,3.116443013,3.080618988,3.079771135,3.080594233,3.079886151,3.080282131,3.080595488,3.080555961,3.079883117,3.080498604,2.730526455,5.607611568,2.803076027,4.417826674,3.388461428,5.106628854,12.04290523,2.906281828,9.813739835,2.586810672,1.475362889,5.390056556,7.733713459,1.990162827,3.25282228,3.293219318,3.81851022,3.006166738,4.175123915,3.149547985,15.97079097,9.394540694,12.88336193,7.213210602,17.96858213,14.83909189,2.777153743,2.298545743,0.692762025,5.861738793,3.030508909,13.56742949,3.103884884,2.54391247,9.969359662,10.12188073,4.565143397,2.139613355,3.117999593
s16763,3.06109563,2.491662336,3.079766947,3.055092595,3.080472392,3.080526414,3.079828241,3.269260737,3.062684534,3.080072613,16.1309441,3.077403179,3.080225809,3.079485282,3.080563298,3.078483886,3.081028644,3.080501811,3.079498254,3.080464176,3.080904608,3.080329249,3.080502644,3.080289148,3.080427879,3.080047705,3.079880921,3.07948641,3.086717805,3.080154431,3.081818715,3.079938818,3.080588943,3.080555917,3.080502402,3.08041101,3.116090079,3.080606249,3.079674309,3.080594198,3.079865714,3.080221506,3.080602774,3.080556725,3.079976266,3.080498674,2.912441603,5.060317728,2.776740302,4.253940481,3.276189386,2.437395992,11.71961122,2.956589293,10.053006,2.653679387,6.003157837,5.477794862,7.706564411,1.902418711,3.10437533,3.198291869,3.951001302,2.916681017,4.8291698,5.585127173,16.00464334,8.259001446,12.59243259,7.851667562,17.9275605,14.32678556,2.757591066,4.577943464,4.026046698,5.752610017,2.61154831,13.46257751,3.039757655,2.479159668,10.63875104,8.557074434,4.837177566,2.043621697,3.108961965
s17032,3.06109563,2.491662336,3.079766947,3.055092595,3.080472392,3.080526414,3.079828241,3.269260737,3.062684534,3.080072613,0.405711739,3.077403179,3.080225809,3.079485282,3.080563298,3.078483886,3.081028644,3.080501811,3.079498254,3.080464176,3.080904608,3.080329249,3.080502644,3.080289148,3.080427879,3.080047705,3.079880921,3.07948641,3.086717805,3.080154431,3.081818715,3.079938818,3.080588943,3.080555917,3.080502402,3.08041101,3.116090079,3.080606249,3.079674309,3.080594198,3.079865714,3.080221506,3.080602774,3.080556725,3.079976266,3.080498674,2.912441603,9.503660765,2.776740302,6.824306724,3.276189386,2.437395992,11.25087302,2.956589293,11.15219303,2.653679387,6.106837016,5.477794862,6.00973751,1.902418711,3.10437533,3.198291869,3.951001302,2.916681017,3.245582446,3.01476093,16.56807416,6.546189352,13.66572742,8.801962393,18.65343554,14.32678556,2.757591066,2.007577221,1.455680455,5.752610017,5.181914553,14.42207142,3.039757655,2.479159668,10.11600887,7.361089296,6.524444099,2.043621697,3.108961965
s16067,3.05656572,2.469157991,3.075195849,3.017694059,3.080473892,3.080581053,3.079717589,3.266390687,3.071105391,3.080317298,2.786626881,3.077202994,3.080188913,3.077891289,3.080524888,3.078811615,3.080867304,3.080501943,3.079441482,3.078934286,3.080755677,3.079967086,3.080490469,3.080298089,3.080483751,3.080110899,3.079881492,3.079467657,3.087926313,3.080383371,3.081746879,3.079944702,3.080545597,3.080499843,3.080597248,3.080408784,3.115969743,3.080605047,3.079858477,3.080322344,3.079876862,3.080119522,3.080584548,3.079906085,3.079644655,3.080499204,2.88512341,5.980242411,2.682549099,6.848817461,3.246814883,5.039920305,11.56502999,2.909900009,9.566743498,2.536341067,7.004588745,5.454869996,7.937058913,1.816709635,3.035381397,3.111804089,3.811272775,2.882681166,4.7363404,2.990299418,16.83629304,8.873987606,13.46684267,6.116814118,17.91449713,15.86673094,2.724906416,1.933007603,1.576258565,5.680066528,2.56938864,14.85495643,3.058965096,5.100202128,8.990509786,9.152335454,2.365352301,1.730743806,3.100221073
s15755,3.046180559,2.361014413,3.076030377,3.01704973,3.080465573,3.080638845,3.080628523,3.26573961,3.068781562,3.080441426,2.961290432,3.078638486,3.080149321,3.078121981,3.080459708,3.078782276,3.08080667,3.080501125,3.080116157,3.079123948,3.080727316,3.080239868,3.080491155,3.080309963,3.080498785,3.079886515,3.080005589,3.079411556,3.087903559,3.079912073,3.084277072,3.080035933,3.080420511,3.080454331,3.080426685,3.080393811,3.116706324,3.080616753,3.079801531,3.080314555,3.079805696,3.080496272,3.080748328,3.079521389,3.079622881,3.080499329,3.632622081,5.967263178,7.142065179,10.89923404,3.324348615,14.0863382,10.9492385,3.783254701,9.924241541,2.447363907,2.689654191,5.442495137,6.377521153,2.209111505,5.123368984,3.495636075,10.41347874,2.945006987,0.978127811,4.197704994,15.35724398,8.428031105,19.65360219,6.912960554,17.88583781,14.67849327,2.67687192,1.880086008,2.047806164,5.934315733,3.570518168,13.66193799,3.11868554,3.035692885,10.59120563,8.744822116,3.850872417,3.822601601,3.129157026
s15113,3.05597895,2.337575266,3.052700287,3.026184148,3.080470937,3.080473493,3.080214752,3.2681138,3.066428964,3.080317525,3.014177119,3.077971266,3.080182059,3.077332585,3.080545214,3.079426998,3.077934809,3.080499182,3.078037412,3.080611399,3.079706819,3.073888406,3.080491638,3.080280307,3.080635323,3.080013634,3.079854261,3.079451567,3.087805219,3.080237073,3.082358867,3.079968722,3.080502415,3.0804834,3.080554016,3.080405847,3.116468962,3.080620288,3.080230867,3.080613602,3.079922832,3.080278492,3.08060869,3.080603131,3.079928565,3.080498616,2.742936322,6.207348815,2.787119674,4.504498723,3.1521043,2.129852565,11.86709742,2.799486699,9.490904392,2.126936147,4.058056969,5.448134889,7.125423878,1.84491003,3.175122428,3.710151568,4.52795105,3.424904207,2.120061684,3.004035677,16.55036797,8.703281933,12.66896795,6.2559593,19.76321256,14.27584991,2.751231241,3.135661576,2.46463627,6.112982416,2.99640329,14.16232085,3.053546707,2.308744536,9.898669181,9.327148428,5.72072882,2.980250042,3.117382241
s14402,3.05597895,2.337575266,3.052700287,3.026184148,3.080470937,3.080473493,3.080214752,3.2681138,3.066428964,3.080317525,3.014177119,3.077971266,3.080182059,3.077332585,3.080545214,3.079426998,3.077934809,3.080499182,3.078037412,3.080611399,3.079706819,3.073888406,3.080491638,3.080280307,3.080635323,3.080013634,3.079854261,3.079451567,3.087805219,3.080237073,3.082358867,3.079968722,3.080502415,3.0804834,3.080554016,3.080405847,3.116468962,3.080620288,3.080230867,3.080613602,3.079922832,3.080278492,3.08060869,3.080603131,3.079928565,3.080498616,3.226047568,7.157192494,2.787119674,4.955363921,3.1521043,2.057506268,11.86709742,2.799486699,10.05945379,2.126936147,4.578434042,5.448134889,7.361961567,2.206696869,3.658233674,3.154694024,3.972493507,2.869446663,3.124636566,3.004035677,16.55036797,8.703281933,12.66896795,7.508334141,21.43922718,14.27584991,2.751231241,3.695523004,3.599353643,6.474769255,3.479514537,14.16232085,3.053546707,2.308744536,10.29574873,9.010746054,5.031256036,2.511314846,3.117382241
s14040,3.057581867,2.498762806,3.077856511,3.069177919,3.080470895,3.080527534,3.080523422,3.251426891,3.070231421,3.078507681,2.988728595,3.080012455,3.08042419,3.079126307,3.080516509,3.07942061,3.080712854,3.080504163,3.079089418,3.080561489,3.080620659,3.079271168,3.080502335,3.080066353,3.080699441,3.078705258,3.080151393,3.078606024,3.087500798,3.080205549,3.082104429,3.079962045,3.080509643,3.080512941,3.080545706,3.080415162,3.116399894,3.080609657,3.080326723,3.080600764,3.079959963,3.080259437,3.080594826,3.080592276,3.079917082,3.080501327,2.936850667,7.917878509,2.859848658,3.349565986,3.12279211,3.491485446,12.60360236,2.94610972,9.352347403,2.507239628,4.699279346,5.473929469,6.59554648,1.766648671,3.117196106,3.024975798,3.128441939,2.916502598,1.198800509,3.033997452,16.24652266,8.010136111,12.85813543,7.295950821,18.81936627,15.28107136,2.82471263,2.827980803,2.886308967,6.790568381,3.744844103,14.00856095,3.048033926,2.378856372,9.904750278,8.912630093,5.016635804,3.024733775,3.116393589
s13888,3.061036013,2.348469461,3.07785159,3.054898295,3.08046419,3.080369155,3.080748664,3.242144529,3.071286558,3.080732463,2.396854138,3.023342763,3.080486157,3.079382422,3.080510656,3.079792128,3.080692478,3.080502415,3.080571048,3.080273222,3.080577725,3.080267346,3.080500524,3.08041908,3.080630639,3.080686648,3.080236415,3.080069885,3.084722057,3.080384394,3.081429978,3.079950455,3.080500071,3.08051818,3.080623054,3.080408211,3.116490876,3.080616755,3.080139667,3.080539488,3.079903468,3.080367982,3.080531094,3.08064177,3.079883402,3.080499064,2.884511923,5.938372371,2.708132105,6.637946288,3.744089722,3.325646953,12.58292527,2.95014473,10.10190588,3.404711701,2.934533966,6.246652853,7.440170526,1.55796456,3.810152679,3.053620049,5.298035109,2.962150788,4.657904888,2.961350619,16.14551793,9.778417481,12.77036831,7.448998986,20.28337515,16.29991434,2.793895674,3.569556686,0.497492574,7.122053836,4.774557382,13.9234714,3.041434648,2.377677129,11.35888111,9.569060502,4.542364367,3.096410657,3.121346653
s14068,3.054154984,2.395349098,3.047259082,3.026993999,3.080461467,3.080437659,3.080635453,3.239559486,3.069689827,3.081442502,2.927935318,3.081077323,3.080547237,3.079991561,3.080511017,3.062951705,3.080965026,3.080503985,3.0809692,3.080675697,3.080834545,3.080556813,3.080503597,3.08044313,3.080762402,3.081129419,3.08018416,3.080051084,3.09043043,3.079988074,3.082576101,3.079830633,3.080522725,3.080531044,3.080503683,3.080383991,3.11649505,3.080648892,3.075444091,3.080652644,3.079934127,3.080194394,3.080672216,3.080595506,3.079763134,3.080499546,2.808574733,6.605541418,3.810546304,4.218078278,3.115283598,2.363402796,11.99761553,2.977884909,9.788747613,4.825795153,5.316498076,6.524310339,7.060789201,1.574622436,3.097330659,2.958607384,4.198101799,2.960473311,1.782123489,2.79643829,17.05734686,8.841184763,12.93960436,7.805880086,18.67389436,14.48251654,2.611143243,3.853067258,1.591328724,6.048179891,3.917281128,15.21144639,3.010339969,2.347199016,9.036311207,8.762426752,5.135200585,1.999413381,3.10236242
s13975,3.052938959,2.60601342,3.083162001,3.047420028,3.080458929,3.08024728,3.080963274,3.234363587,3.060804197,3.080862696,0.611419236,3.081891357,3.080640082,3.079871461,3.08054436,3.080788916,3.080867351,3.080503177,3.080942086,3.080052142,3.08069509,3.080480676,3.080502996,3.080432857,3.080576496,3.080969059,3.080241152,3.080183192,3.084019884,3.079990331,3.08191643,3.079834032,3.080551084,3.080585466,3.080485801,3.080383995,3.116610551,3.080655896,3.080200336,3.080525416,3.079912109,3.080477735,3.080577289,3.080419074,3.079832145,3.08049915,2.901779035,5.601807803,2.812205206,4.417880799,4.375514268,3.103254781,12.16604129,2.876571132,10.70623163,2.579097273,4.083181128,5.488179229,7.936744139,1.76525631,3.097546921,3.626519236,4.265755993,2.940580086,2.726339971,3.577611581,16.29619016,9.338542538,12.96771018,7.066442444,18.5805624,16.03251305,3.30646318,3.396718744,2.805273731,8.171072421,3.443094403,14.25069519,3.036266746,2.510411192,11.08053838,9.887238496,4.726541586,2.66060433,3.126880561
s13024,3.044814886,2.456108627,3.076011028,3.099742622,3.080471675,3.080687604,3.080241921,3.268942885,3.067074389,3.080908391,2.921780726,3.078297143,3.080167135,3.079457542,3.080504676,3.078042136,3.080812299,3.080500891,3.080067921,3.081445088,3.080734782,3.079569322,3.080501309,3.080346737,3.080447341,3.080095269,3.079997698,3.079387691,3.089379152,3.077756074,3.079788895,3.08003162,3.080470572,3.080480591,3.07959519,3.080395215,3.116608833,3.080611912,3.080645951,3.080755157,3.079755587,3.080246277,3.080924044,3.080409885,3.079909919,3.080498804,2.952281318,7.738036732,2.654136449,5.332574757,3.383090579,1.570827919,12.4272189,2.867884932,9.521506991,2.601031214,6.003015976,6.692545344,6.861732271,2.808261145,3.224692154,3.368813613,4.183769232,2.986785017,2.352644479,3.186799416,16.51292037,8.858589833,12.67432217,6.978669421,21.15179215,14.33331353,3.991576659,2.976949359,2.016215658,8.349789214,3.335182608,14.32142241,3.134002416,2.523311412,11.39113285,9.749127277,6.14393483,2.534146818,3.10937167
s13333,3.064784577,2.152324295,3.068126607,2.825502066,3.080448351,3.08035184,3.081001722,3.266461909,3.072686468,3.078637417,2.74495075,3.067777315,3.080252968,3.079229961,3.080549391,3.076032272,3.080796065,3.080501529,3.079478803,3.078259192,3.074665437,3.080354602,3.080501242,3.08017955,3.080570511,3.079419712,3.079903393,3.079579104,3.064160843,3.081033397,3.07851801,3.079957878,3.080545719,3.080583876,3.080858248,3.080411147,3.116428165,3.0806141,3.077188907,3.080148442,3.080017747,3.080880854,3.079995626,3.080568169,3.079956401,3.080498749,2.572478319,6.510009228,1.986108749,5.627546612,3.117519403,2.492056692,12.0653442,2.776029054,9.973794027,2.447521799,2.649215593,5.466668202,7.697562157,1.793162571,2.846745995,2.867199789,3.483057931,2.737196606,4.429915015,2.970735162,16.73825004,9.852957777,13.57630901,6.980065068,20.65726612,14.59085362,2.261461464,4.756038288,3.792846459,7.859188102,3.068800982,14.30314898,5.269949917,2.142422027,12.45446244,10.16842612,1.109184525,4.377486035,3.099019689
s13344,3.060551163,6.170834381,3.068209399,2.833291125,3.080447174,3.080424512,3.081079637,3.266913964,3.070306335,3.078983958,2.968277061,3.078301525,3.080234729,3.07912276,3.080534813,3.075649596,3.080768909,3.080501736,3.079663298,3.075735309,3.080622073,3.080267818,3.080501048,3.080180484,3.080787647,3.079581615,3.079874516,3.079550306,3.031244227,3.08080456,3.073764578,3.079930705,3.080524474,3.080564142,3.080783395,3.080406564,3.116566549,3.080622752,3.077447956,3.080197673,3.08008056,3.080834514,3.080051913,3.080501619,3.079915436,3.08049899,3.207682395,9.741709246,3.905135335,5.272141621,3.149131698,2.482028017,10.02260006,2.773623168,5.781465285,2.482870229,4.843755557,5.414500951,2.384683211,1.792553194,2.790922618,2.977552273,3.408375951,2.731075216,2.896216171,2.924511352,14.61854207,2.753811916,15.06976856,8.658464158,19.04954731,14.55057466,4.187881978,2.358283027,3.074281548,5.321241215,3.816646774,13.3403329,3.626330265,7.72791086,14.49395676,5.469351026,8.827294866,1.678582227,3.084102451
s12592,3.06660731,2.38578542,3.075889327,3.059870816,3.080472587,3.080587242,3.079707255,3.268682236,3.058641708,3.080205471,2.786994831,3.076956446,3.080178677,3.078974355,3.080507699,3.078207584,3.08074979,3.080501701,3.079395637,3.080524543,3.080732279,3.079910133,3.080500361,3.080307843,3.080424816,3.08002793,3.079937244,3.079513237,3.086734718,3.08063129,3.081030839,3.079992446,3.080538455,3.080494163,3.080693674,3.080421492,3.115869498,3.080585593,3.07972633,3.080593482,3.07986418,3.080108831,3.080527107,3.080844106,3.079951099,3.080498691,3.176750428,5.100157626,5.261198611,4.853444878,3.913877565,3.269744988,10.96352122,3.941956528,9.157913306,2.484268339,4.106039054,5.461073098,6.193597775,2.802237386,3.538017302,3.072965093,4.468434111,2.913652131,1.724669221,8.510646942,15.95600106,8.523424984,12.13933907,6.202502292,17.39400386,14.6176481,2.817589164,2.016527041,4.505411414,5.725146619,2.771472213,12.82345725,3.085305037,2.412928217,10.2783546,7.641151089,7.225910297,3.552910268,3.094717786
s12021,3.058708084,2.51218795,3.071107739,3.04774413,3.080471123,3.080550068,3.079813014,3.269054432,3.0660479,3.080116536,2.612602288,3.077262427,3.080191993,3.079968482,3.080497732,3.077910185,3.079386224,3.080502716,3.078455285,3.080530596,3.081193724,3.076778432,3.080504971,3.080296855,3.080435717,3.080098924,3.079887453,3.07949339,3.087642471,3.080228388,3.081687768,3.079923722,3.080547787,3.080506926,3.08053925,3.080411294,3.115981023,3.080603205,3.079655582,3.080606786,3.079853778,3.080153649,3.080598376,3.080629958,3.079943987,3.080498642,4.126250889,6.915990909,2.808589455,4.152111691,4.449407113,3.370320441,12.19529872,3.017460719,10.35937407,2.736675457,3.445757831,5.431770195,8.049994928,1.832963219,3.201443279,3.158508268,3.984413108,2.918732427,0.493612248,3.006172738,16.89266746,9.667323093,12.90259526,8.06154753,19.50627135,15.19176771,2.751059953,2.935947408,2.830004465,5.739165268,2.471633666,14.23914796,3.075272123,5.265319718,9.076128907,8.934532668,5.107638711,1.874820444,3.098055499
s12337,3.016756177,2.155844698,3.080797531,3.045677367,3.080429226,3.080456592,3.080445233,3.269245738,3.061892005,3.080883372,2.963219801,3.079216967,3.080200815,3.08021119,3.080446583,3.081262216,3.080465777,3.080503158,3.079631545,3.080066079,3.080186387,3.078382468,3.080499091,3.080199513,3.080465714,3.080133115,3.079518396,3.078922533,3.089024803,3.08041611,3.084434138,3.079579406,3.080406829,3.08042175,3.080806894,3.080266731,3.116734481,3.080775006,3.080018036,3.080605587,3.079771018,3.080263153,3.080610022,3.080869069,3.079286005,3.08049908,2.767801721,6.077577075,2.552747649,5.179599472,3.428287789,3.018026928,12.21824765,3.235157814,10.25418971,2.569235745,4.256060524,5.36068078,7.39190955,2.240559576,3.212840789,3.315265297,4.29176984,2.971233945,3.087012601,3.102974322,16.69193715,9.307368991,12.91340081,8.208116111,19.14618906,15.09470334,2.733488797,2.842370016,1.93331292,5.818557187,3.247209815,14.53614961,3.055157016,2.129307922,9.58209349,10.22947218,6.408108064,2.96407695,3.102310755
s11712,3.058622768,2.514167174,3.07568879,3.057208022,3.08046545,3.08048587,3.080270483,3.268634915,3.070421977,3.080083429,2.92373312,3.077879754,3.08019299,3.079106099,3.080521609,3.07776329,3.080767083,3.080501825,3.079547805,3.08049571,3.08066283,3.079921033,3.080500473,3.080278243,3.080606636,3.080032258,3.079857591,3.07946926,3.087036267,3.080121715,3.082147071,3.079924394,3.08052008,3.080506097,3.080520776,3.080405472,3.116443013,3.080618988,3.079771135,3.080594233,3.079886151,3.080282131,3.080595488,3.080555961,3.079883117,3.080498604,2.941363902,6.185358084,2.916962317,4.851084755,3.503158679,1.978670132,12.15102473,2.069232224,9.894255182,2.745752221,4.410433326,5.52400015,7.231832114,1.171012603,3.345481007,2.368575655,4.257412315,3.033267567,3.767001093,3.205836568,16.88870574,8.813154053,12.50318244,7.445700924,18.75269367,15.72830088,2.812731171,3.199463012,2.862610897,6.072515726,2.575972698,14.79759847,3.151215356,1.066721038,10.19447867,8.898683727,3.612711131,2.789996519,3.117999593
s11630,3.058602914,2.46927347,3.075845438,3.057569414,3.080465507,3.080488127,3.080263762,3.268633787,3.070434257,3.080088132,2.888410503,3.077808178,3.080192733,3.079101439,3.080521534,3.077772119,3.080767949,3.080501822,3.079548438,3.080492912,3.080664377,3.07992041,3.080500456,3.080278692,3.080603368,3.080031619,3.079858851,3.079468608,3.087005364,3.080127989,3.082205424,3.079925469,3.080519981,3.08050582,3.080523112,3.080405371,3.11643158,3.08061874,3.079771394,3.080593622,3.079885151,3.08028051,3.08059541,3.080557327,3.079882657,3.080498609,2.890091854,5.500560054,2.854673756,4.614184305,3.325485728,5.536284946,12.86783289,2.941430508,10.56979989,2.722567851,3.165550213,5.464747769,7.42364017,2.052182329,3.183037017,3.285306139,4.144557215,2.988557925,4.13417192,3.072625993,16.79487234,9.029225188,13.57463588,6.635134454,18.65053901,15.36049776,2.783148615,4.807847245,3.629235602,5.756901356,4.96505578,14.65652874,3.096431848,2.546942795,10.54313529,9.825032766,5.103790015,2.479662713,3.117866567
s11581,3.03076655,2.631336237,3.076315537,2.999041495,3.080472469,3.080625851,3.08016742,3.265891994,3.057820943,3.080462413,3.027595696,3.07809951,3.079634858,3.079440856,3.079788122,3.078950092,3.080790428,3.080501128,3.079672567,3.07910696,3.080840274,3.080243135,3.080489764,3.080302023,3.080879005,3.079905584,3.079942952,3.079391123,3.090143986,3.081022265,3.082011913,3.080005166,3.079772888,3.079729864,3.080850929,3.080389688,3.11631243,3.08061383,3.079882007,3.080293049,3.079834895,3.080244559,3.080555155,3.080068749,3.079644206,3.080499638,2.793295981,7.465916869,2.721937042,4.20249127,3.362913679,3.142845121,12.20949193,2.753171158,9.278356288,2.621076209,3.933637907,6.297694606,7.185902511,2.043764109,3.492827752,3.255433789,4.603899031,2.900878424,3.339490694,3.044174138,16.65502656,8.686267938,12.7306024,7.613471258,18.83503927,14.74845783,3.027329089,3.031454709,4.033443786,6.031779447,5.900494242,14.503776,3.074230115,2.455530851,9.045742501,8.831657151,5.949069191,2.277458738,3.127424453
s11180,3.06022217,2.467437307,3.077304542,3.024657105,3.080475644,3.080582419,3.068238616,3.269572879,3.071624905,3.080384578,2.823216044,3.077157583,3.080212532,3.079058322,3.080569552,3.075171827,3.080776526,3.080501133,3.079383674,3.080683966,3.080650936,3.079599304,3.080500065,3.080300167,3.080417274,3.080128787,3.079872673,3.07945235,3.082369037,3.080257628,3.081923692,3.079946649,3.080587221,3.079795305,3.080542875,3.080408607,3.115974294,3.080605366,3.080025375,3.080641992,3.07987381,3.080102061,3.080632399,3.080671719,3.079971111,3.080498726,2.914493309,6.180471343,2.706671184,4.074612654,5.900175728,2.366070495,12.21820008,2.942979873,10.37503474,2.613574904,4.733973017,5.362611119,7.468665773,1.816440607,3.042165561,5.759098526,3.918499228,2.909614837,3.342943855,3.012091609,16.92729236,9.192484788,12.9336391,7.776589995,18.56654503,16.06835766,2.702533989,5.564863815,4.11163729,5.736638764,2.533071363,14.86460309,3.083477234,2.391405476,10.46138969,9.267770796,6.02612311,1.943587739,3.098173297
s10859,3.060431638,2.491864781,3.075245066,3.009518216,3.080466,3.080695832,3.080168026,3.269068464,3.072273197,3.08058439,2.893807722,3.077686763,3.080180839,3.078955381,3.080521161,3.077301448,3.080779858,3.080501828,3.079847823,3.075055072,3.08069951,3.079938595,3.080500574,3.08027917,3.080900291,3.080232653,3.079871764,3.079465347,3.08634806,3.080150264,3.082247679,3.079929289,3.080524066,3.080504582,3.080528771,3.080407517,3.116308934,3.080612324,3.079649844,3.080589644,3.080035553,3.08022073,3.080538668,3.080567713,3.079898129,3.080499246,2.926919965,6.324686598,2.740051645,4.103093966,3.200885206,2.055811782,12.05647891,2.976559259,9.752874718,2.590393237,1.759335671,5.458938441,7.418494496,1.93411663,3.046067797,6.412435781,3.817024863,2.877133227,3.807161336,2.912781548,16.76824244,8.875742507,12.80761558,7.976078848,19.3214808,15.33473713,2.744170945,4.877797873,1.682920346,5.691791859,2.646020085,14.87902522,3.0729882,2.437867374,9.871106723,10.29274249,2.750950831,2.112690731,3.095647373
s10804,3.055757155,2.492584577,3.065876354,3.048551828,3.080471578,3.080547235,3.079777695,3.268709704,3.06881903,3.080175151,2.814184329,3.077467959,3.080209592,3.079117374,3.080541828,3.073327786,3.080833806,3.080501438,3.0795042,3.080473541,3.080740044,3.073424244,3.080500968,3.080290611,3.079124122,3.080066389,3.079890172,3.079489927,3.086650298,3.08021392,3.081871721,3.079947623,3.080561681,3.080519778,3.080530043,3.080411309,3.116104027,3.080605664,3.079723765,3.080593065,3.079891789,3.080220594,3.080587572,3.080587027,3.079963774,3.080498667,2.902183062,5.881345399,2.783049202,4.22154389,3.269609671,4.409609009,13.08496798,2.945498251,10.0306966,2.624143454,2.203108108,5.461702586,8.004276454,4.048576272,3.08744931,3.209145994,3.934196191,2.944330182,5.108039581,3.004537489,16.91501881,8.976712541,12.94656023,8.058583297,18.71994697,15.92917841,2.748735304,5.732217601,1.684653181,7.856622404,4.672339147,14.85396358,3.034465575,2.4130296,9.596672874,10.26428248,2.36040508,5.244588653,3.074022879
s11267,3.055757155,2.492584577,3.065876354,3.048551828,3.080471578,3.080547235,3.079777695,3.268709704,3.06881903,3.080175151,2.814184329,3.077467959,3.080209592,3.079117374,3.080541828,3.073327786,3.080833806,3.080501438,3.0795042,3.080473541,3.080740044,3.073424244,3.080500968,3.080290611,3.079124122,3.080066389,3.079890172,3.079489927,3.086650298,3.08021392,3.081871721,3.079947623,3.080561681,3.080519778,3.080530043,3.080411309,3.116104027,3.080605664,3.079723765,3.080593065,3.079891789,3.080220594,3.080587572,3.080587027,3.079963774,3.080498667,2.902183062,6.289892738,2.783049202,4.22154389,3.269609671,2.242498544,12.12547407,7.099451848,10.14409785,2.624143454,2.203108108,5.461702586,7.810797561,1.881465807,3.08744931,3.209145994,3.934196191,2.944330182,5.528005341,3.004537489,16.91501881,8.550709822,12.47782204,8.058583297,19.45441938,15.194706,2.748735304,1.681943183,1.684653181,5.689511939,2.505228681,14.85396358,3.034465575,2.4130296,11.09293946,8.768015898,2.36040508,1.889935995,3.074022879
s11370,3.056864288,2.529900413,3.076294645,3.056353421,3.080476161,3.080520055,3.079807166,3.26856468,3.071070609,3.080079817,2.816402461,3.077250141,3.080181271,3.07906687,3.080518698,3.078706127,3.080788283,3.080501014,3.065501663,3.080468403,3.079167339,3.07988573,3.080499996,3.080293428,3.080487898,3.080047338,3.079895358,3.079522164,3.086622159,3.080341421,3.081360918,3.079966051,3.080536769,3.080491555,3.080563027,3.080419285,3.116018137,3.080596425,3.079759944,3.080588488,3.07989032,3.080184859,3.080563382,3.080641221,3.080017829,3.080498599,2.917422585,4.831344609,2.790990013,4.155787465,3.236137458,2.236130609,13.10000924,2.9244153,10.24688008,2.597849103,4.556358331,5.442364539,7.912380095,1.897262576,3.138377768,3.081796333,3.920119348,2.915029938,3.221539162,2.985345982,16.89589899,8.991400271,12.01941736,7.776963736,17.90904455,16.03384196,2.719811797,6.072811251,4.248969744,8.382255145,2.725693317,14.88206841,3.006592435,2.453643905,11.25797425,9.349114049,5.237989457,1.926124813,3.09135106
s11478,3.05656572,2.469157991,3.075195849,3.017694059,3.080473892,3.080581053,3.079717589,3.266390687,3.071105391,3.080317298,2.786626881,3.077202994,3.080188913,3.077891289,3.080524888,3.078811615,3.080867304,3.080501943,3.079441482,3.078934286,3.080755677,3.079967086,3.080490469,3.080298089,3.080483751,3.080110899,3.079881492,3.079467657,3.087926313,3.080383371,3.081746879,3.079944702,3.080545597,3.080499843,3.080597248,3.080408784,3.115969743,3.080605047,3.079858477,3.080322344,3.079876862,3.080119522,3.080584548,3.079906085,3.079644655,3.080499204,2.88512341,5.777328364,2.682549099,4.109355507,3.246814883,2.300458351,12.16958662,2.909900009,9.963823048,2.536341067,2.121241098,5.454869996,8.556540525,1.816709635,3.035381397,3.111804089,3.811272775,2.882681166,4.533426353,2.990299418,16.83629304,8.27770785,12.86228604,5.913900071,17.91449713,15.86673094,2.724906416,1.933007603,1.576258565,9.425472786,2.56938864,14.85495643,3.058965096,2.360740174,11.15031295,8.958856561,2.365352301,1.730743806,3.100221073
s11479,3.06022217,2.467437307,3.077304542,3.024657105,3.080475644,3.080582419,3.068238616,3.269572879,3.071624905,3.080384578,2.823216044,3.077157583,3.080212532,3.079058322,3.080569552,3.075171827,3.080776526,3.080501133,3.079383674,3.080683966,3.080650936,3.079599304,3.080500065,3.080300167,3.080417274,3.080128787,3.079872673,3.07945235,3.082369037,3.080257628,3.081923692,3.079946649,3.080587221,3.079795305,3.080542875,3.080408607,3.115974294,3.080605366,3.080025375,3.080641992,3.07987381,3.080102061,3.080632399,3.080671719,3.079971111,3.080498726,2.914493309,5.774643249,2.706671184,4.074612654,3.24526163,2.366070495,12.21820008,2.942979873,9.778754984,2.613574904,2.079058919,5.362611119,7.183217397,3.983551072,5.209276027,3.104184428,6.085609693,2.909614837,4.332476081,3.012091609,16.48675632,8.13286483,12.9336391,6.390738957,19.30101744,14.60801021,2.702533989,5.463903881,3.623833657,5.736638764,6.177517688,14.30117227,3.083477234,2.391405476,10.14498731,10.10691534,4.447827317,4.110698204,3.098173297
s10326,3.053852968,2.524243151,3.075932018,2.999616163,3.08047303,3.080531628,3.080079738,3.268460997,3.069791487,3.080078388,2.890415732,3.077556937,3.080177694,3.079053107,3.080515313,3.075904086,3.080791791,3.080501169,3.079517889,3.08054356,3.080702851,3.080050251,3.080500334,3.080297283,3.080540025,3.079999794,3.079928725,3.079526592,3.08671599,3.080224832,3.081904926,3.079992811,3.080518451,3.080494588,3.080526609,3.080420929,3.11624434,3.080594729,3.079744604,3.080589384,3.079881261,3.080263568,3.080593291,3.080565847,3.079994379,3.080498621,2.925252254,5.907650195,2.751516987,4.018896168,3.289130564,2.364434025,11.94968818,2.999558858,10.42388802,2.699117867,2.417782707,5.40326788,7.372203894,1.809561104,3.168615327,3.20974118,3.990456859,2.947266252,3.676626292,3.126160343,16.87495599,9.584095142,12.8202023,8.4739438,19.50469955,15.01508485,2.550380818,4.690828995,1.824310636,5.729347062,2.585025294,14.766171,2.948517842,2.569793823,9.645671892,9.039493685,7.688019274,1.893547132,3.090031449
s10127,3.058708084,2.51218795,3.071107739,3.04774413,3.080471123,3.080550068,3.079813014,3.269054432,3.0660479,3.080116536,2.612602288,3.077262427,3.080191993,3.079968482,3.080497732,3.077910185,3.079386224,3.080502716,3.078455285,3.080530596,3.081193724,3.076778432,3.080504971,3.080296855,3.080435717,3.080098924,3.079887453,3.07949339,3.087642471,3.080228388,3.081687768,3.079923722,3.080547787,3.080506926,3.08053925,3.080411294,3.115981023,3.080603205,3.079655582,3.080606786,3.079853778,3.080153649,3.080598376,3.080629958,3.079943987,3.080498642,2.90320281,7.023687602,2.808589455,4.152111691,5.473816149,2.147272362,11.59074209,3.017460719,9.536291798,2.736675457,4.470166867,5.431770195,6.989378802,1.832963219,3.201443279,3.158508268,3.984413108,2.918732427,3.489860549,3.006172738,15.88870061,8.767336265,12.0492227,7.798070941,18.0459239,15.19176771,2.751059953,1.712899329,1.606956385,5.739165268,2.471633666,13.27965405,3.075272123,2.441632888,8.934578397,9.133072443,6.646249405,1.874820444,3.098055499
s10188,3.055200047,2.564252205,3.0751765,3.100386951,3.080479995,3.080629812,3.079330987,3.269593963,3.069398219,3.080784262,2.747117175,3.076861651,3.080206728,3.07922685,3.080569856,3.078071474,3.080872933,3.080501709,3.079393245,3.081255426,3.080763143,3.079296539,3.080500623,3.080334863,3.080432307,3.080319653,3.079873601,3.079443792,3.089401906,3.078227371,3.077258701,3.079940389,3.080595658,3.080526103,3.079765753,3.080410188,3.115872251,3.080600205,3.080702896,3.080762947,3.079826752,3.079869528,3.080760265,3.080794581,3.079931693,3.080498679,2.973637393,8.008026447,2.869815259,6.582010483,3.305556848,2.373818353,12.33922375,2.911774622,10.15736825,2.690008374,6.457891987,5.424597956,7.698030664,1.904391774,2.984718552,3.199608527,3.876289443,2.924459195,3.665427804,3.006933537,17.03247551,8.514787686,12.84028885,7.164613741,19.10490605,14.78707879,2.759288908,1.878540986,4.284130013,5.606613626,3.951591619,14.95101003,3.074281973,3.838255728,10.49427119,9.366881967,3.787026871,2.069878481,3.080435716
s10418,3.06109563,2.491662336,3.079766947,3.055092595,3.080472392,3.080526414,3.079828241,3.269260737,3.062684534,3.080072613,0.405711739,3.077403179,3.080225809,3.079485282,3.080563298,3.078483886,3.081028644,3.080501811,3.079498254,3.080464176,3.080904608,3.080329249,3.080502644,3.080289148,3.080427879,3.080047705,3.079880921,3.07948641,3.086717805,3.080154431,3.081818715,3.079938818,3.080588943,3.080555917,3.080502402,3.08041101,3.116090079,3.080606249,3.079674309,3.080594198,3.079865714,3.080221506,3.080602774,3.080556725,3.079976266,3.080498674,2.912441603,6.276743652,2.776740302,6.020348887,3.276189386,4.203804398,13.28366176,2.956589293,10.47900872,2.653679387,5.594610499,5.477794862,6.647312123,1.902418711,3.10437533,3.198291869,3.951001302,2.916681017,4.420622462,3.01476093,17.00861019,10.00663809,12.59243259,6.674597581,18.65343554,14.72631636,2.757591066,7.755725783,3.222088861,8.748858318,4.377956716,14.98550224,3.039757655,6.224565926,10.01926942,9.476140049,5.263059624,3.810030103,3.108961965
s10525,3.055200047,2.564252205,3.0751765,3.100386951,3.080479995,3.080629812,3.079330987,3.269593963,3.069398219,3.080784262,2.747117175,3.076861651,3.080206728,3.07922685,3.080569856,3.078071474,3.080872933,3.080501709,3.079393245,3.081255426,3.080763143,3.079296539,3.080500623,3.080334863,3.080432307,3.080319653,3.079873601,3.079443792,3.089401906,3.078227371,3.077258701,3.079940389,3.080595658,3.080526103,3.079765753,3.080410188,3.115872251,3.080600205,3.080702896,3.080762947,3.079826752,3.079869528,3.080760265,3.080794581,3.079931693,3.080498679,2.973637393,7.435640392,2.869815259,3.84254853,5.553013963,4.621275469,12.33922375,2.911774622,9.963889361,2.690008374,6.353227239,5.424597956,7.934568353,1.904391774,2.984718552,3.199608527,3.876289443,2.924459195,3.173422966,3.006933537,17.43200631,9.337869956,12.84028885,7.868738091,18.37043363,14.38754799,5.006746023,1.878540986,1.544668059,5.606613626,2.54867998,14.95101003,3.074281973,2.435344088,8.058996572,9.759561064,6.12952149,4.317335596,3.080435716
s10533,3.066789864,2.460989336,3.076044944,3.062645161,3.080480141,3.080527089,3.079958594,3.268418721,3.073428281,3.079969106,2.863160152,3.077314148,3.080177031,3.07885331,3.080522802,3.077943964,3.080827004,3.080500762,3.07943834,3.080561869,3.080755163,3.080162083,3.080500331,3.080305246,3.080536104,3.080012742,3.079958722,3.079600535,3.086440357,3.080151764,3.081679926,3.080025542,3.08053904,3.080502663,3.080466399,3.080438691,3.116099532,3.080575628,3.07972429,3.080586461,3.079906713,3.080253024,3.080594381,3.080492602,3.080101089,3.080498537,2.690099167,6.875440685,2.793702716,4.079065842,5.042357529,2.371086559,12.18035819,4.85434332,9.760446473,2.526205081,2.066148961,5.534317473,7.271188942,1.776413485,2.930968202,2.908018853,3.915544596,2.918326225,0.871005382,2.911080189,16.96434525,8.477932973,12.40919267,7.440162576,19.03907802,14.92281717,2.803730278,4.496125986,1.506298774,5.751780162,3.006064077,14.729919,3.13151798,2.24670886,10.57812071,9.005680963,7.001485732,2.122090657,3.113243096
s10544,3.06022217,2.467437307,3.077304542,3.024657105,3.080475644,3.080582419,3.068238616,3.269572879,3.071624905,3.080384578,2.823216044,3.077157583,3.080212532,3.079058322,3.080569552,3.075171827,3.080776526,3.080501133,3.079383674,3.080683966,3.080650936,3.079599304,3.080500065,3.080300167,3.080417274,3.080128787,3.079872673,3.07945235,3.082369037,3.080257628,3.081923692,3.079946649,3.080587221,3.079795305,3.080542875,3.080408607,3.115974294,3.080605366,3.080025375,3.080641992,3.07987381,3.080102061,3.080632399,3.080671719,3.079971111,3.080498726,2.914493309,8.710371473,2.706671184,6.322069769,3.24526163,2.366070495,12.21820008,2.942979873,10.17583453,2.613574904,6.54602119,5.362611119,7.041666886,1.816440607,3.042165561,3.104184428,3.918499228,2.909614837,4.332476081,5.259548724,16.92729236,11.17401238,12.4649009,7.231562351,19.30101744,15.33388525,2.702533989,1.819457557,6.23599446,7.984095879,2.533071363,14.86460309,3.083477234,2.391405476,9.321905043,9.563710447,2.280716852,1.943587739,3.098173297
s9670,3.05656572,2.469157991,3.075195849,3.017694059,3.080473892,3.080581053,3.079717589,3.266390687,3.071105391,3.080317298,2.786626881,3.077202994,3.080188913,3.077891289,3.080524888,3.078811615,3.080867304,3.080501943,3.079441482,3.078934286,3.080755677,3.079967086,3.080490469,3.080298089,3.080483751,3.080110899,3.079881492,3.079467657,3.087926313,3.080383371,3.081746879,3.079944702,3.080545597,3.080499843,3.080597248,3.080408784,3.115969743,3.080605047,3.079858477,3.080322344,3.079876862,3.080119522,3.080584548,3.079906085,3.079644655,3.080499204,2.88512341,7.666457517,2.682549099,4.109355507,3.246814883,4.95537245,12.16958662,5.564814107,9.770344156,2.536341067,4.776155196,8.109784094,7.496920566,1.816709635,3.035381397,3.111804089,3.811272775,2.882681166,0.788020094,2.990299418,16.395757,9.417192494,12.86228604,7.37161473,19.37484458,15.13225853,2.724906416,1.933007603,1.576258565,5.680066528,2.56938864,14.29152561,3.058965096,2.360740174,9.654046362,9.351535659,2.365352301,4.385657904,3.100221073
s9149,3.057057008,2.467689116,3.075435234,3.062254287,3.080464851,3.08052663,3.080103366,3.268650375,3.074058821,3.080168166,2.820788277,3.077526964,3.0803347,3.07885358,3.080714872,3.078233149,3.080774298,3.080501913,3.079554984,3.080478796,3.080621343,3.079855963,3.080500564,3.080287415,3.080436233,3.080040259,3.079878648,3.079461801,3.086392566,3.080136673,3.082098839,3.079939496,3.080712001,3.080702904,3.080529188,3.080405748,3.116325553,3.080614142,3.079760913,3.080601323,3.079862223,3.080240452,3.080599662,3.080610967,3.079865922,3.080498602,2.912685243,1.932028391,2.738895769,4.440179271,3.218114456,2.248716139,12.23304926,2.952226361,9.92320552,2.527344533,1.794317907,5.438085193,6.662462535,1.693383998,2.965691811,3.189284375,3.675417316,2.941202034,4.762032548,3.05288494,16.50298691,9.005159076,12.97275075,5.270610171,19.31823374,15.43323247,2.825969473,1.590717419,1.579167964,5.785636453,2.610382513,14.43916502,3.037668717,2.113441934,10.34036427,9.170667066,7.339269483,5.968481965,3.011021953
s9186,3.057258886,2.414139145,3.076937743,3.058691453,3.080470904,3.080610475,3.079909032,3.269105499,3.06887634,3.080516305,2.841875347,3.077497624,3.08021504,3.07900461,3.080565982,3.078428834,3.080782366,3.080501599,3.079597893,3.077962778,3.080667079,3.079803083,3.080500314,3.080294833,3.080643278,3.080214152,3.079860178,3.079454552,3.053921494,3.080095968,3.076838064,3.079924801,3.080574559,3.080540436,3.080499673,3.080406057,3.116196347,3.080613178,3.080036372,3.080647648,3.079929552,3.080132978,3.080635656,3.080604299,3.079913942,3.080498865,2.816186458,6.2836031,2.71648915,4.25676342,3.312634331,2.362399791,12.16031965,2.908845422,10.06113975,4.701274773,2.14137396,5.424035602,7.484838734,1.895333636,3.029935625,3.223303094,3.884087554,2.908437378,4.152971948,3.008175183,16.8888381,9.524658313,14.40030957,7.560371853,18.65115195,15.94532286,2.726659555,1.856767838,1.318199638,5.644651871,2.710138532,14.85408233,3.08337465,2.409396361,9.617118794,8.922857957,5.322978133,3.695575469,3.090560076
s9879,3.057258886,2.414139145,3.076937743,3.058691453,3.080470904,3.080610475,3.079909032,3.269105499,3.06887634,3.080516305,2.841875347,3.077497624,3.08021504,3.07900461,3.080565982,3.078428834,3.080782366,3.080501599,3.079597893,3.077962778,3.080667079,3.079803083,3.080500314,3.080294833,3.080643278,3.080214152,3.079860178,3.079454552,3.053921494,3.080095968,3.076838064,3.079924801,3.080574559,3.080540436,3.080499673,3.080406057,3.116196347,3.080613178,3.080036372,3.080647648,3.079929552,3.080132978,3.080635656,3.080604299,3.079913942,3.080498865,2.816186458,6.912349917,2.71648915,4.25676342,3.312634331,2.362399791,13.11981356,4.675253828,10.16073985,2.614510957,3.907782366,5.424035602,7.721376423,1.895333636,3.029935625,3.223303094,3.884087554,2.908437378,3.300619443,3.008175183,16.8888381,8.851473999,12.83625903,7.773793313,19.38562436,15.21085045,2.726659555,4.764679543,1.318199638,6.634444941,2.710138532,14.85408233,3.08337465,2.409396361,10.01419834,9.858741943,5.610095413,3.37522006,3.090560076
s8792,3.039200998,2.481546962,3.076904609,3.036366534,3.080466652,3.08058286,3.080073347,3.268896176,3.071304854,3.080298153,2.660809259,3.077570515,3.080187552,3.068892691,3.080520707,3.077727436,3.08087805,3.080502094,3.079635912,3.080484772,3.080777877,3.08011079,3.080501301,3.080284216,3.080671442,3.080120859,3.079867668,3.079466314,3.087064398,3.080253589,3.081920715,3.079927564,3.080529083,3.080504006,3.08056952,3.080406703,3.116264852,3.080612438,3.079724005,3.080597589,3.079926186,3.080198671,3.080561632,3.080645095,3.079887427,3.080498865,2.814794361,6.159541019,2.776218663,4.055266229,3.288619821,2.291578839,12.26231206,2.9583781,10.96878773,5.961398739,1.8653595,5.481423704,7.579897809,1.814863706,3.052813489,3.117770829,3.923145447,2.957319929,4.46328553,3.039720576,16.54101425,9.180943291,12.9175307,8.164192682,19.38190054,14.69723995,2.741042167,1.88344005,4.769022225,5.726996783,6.19436755,14.35078178,3.063717732,2.269692983,10.49524747,8.988330813,2.408061538,2.114085492,3.059266011
s8630,3.065738538,2.384411723,3.074461457,3.076850486,3.080484358,3.080806667,3.079388389,3.286324041,3.072111758,3.077717598,2.783021099,3.075524277,3.080009918,3.078740128,3.080535447,3.07711558,3.080874148,3.080502797,3.077645587,3.080973523,3.080830177,3.079119742,3.080501983,3.079922644,3.080550824,3.077783903,3.079791161,3.077909242,3.090198719,3.080369649,3.082006714,3.080066831,3.080547502,3.080483392,3.080562307,3.080442177,3.115879422,3.080560011,3.079800697,3.080669546,3.079913568,3.080003209,3.08062031,3.080729927,3.080061203,3.08050085,2.947513235,5.953137948,2.824383754,4.465947916,3.303789475,2.279052911,11.55261565,3.026127881,10.90717009,2.581821742,1.961984347,5.463545101,8.111068313,1.903811072,3.124024515,3.167578607,4.094009495,2.89260353,5.526740022,3.041976978,16.9589427,8.396747658,13.55615266,7.999492775,18.89223941,15.83475292,2.846670692,1.756676831,1.295246424,5.702325439,2.366724263,14.743368,3.051524835,2.347604848,10.43850457,8.927534366,6.607179959,5.121016423,3.098474993
s8290,3.068023835,2.564492915,3.075032372,3.079532744,3.080479451,3.080752558,3.079547468,3.280844953,3.074472054,3.080265301,2.794259407,3.076021008,3.073607086,3.078732081,3.08058417,3.07743531,3.080849338,3.080501778,3.066061246,3.080781455,3.080769527,3.079929929,3.08050103,3.080262389,3.080640854,3.079912427,3.079802819,3.079302684,3.08882958,3.080219976,3.08210551,3.080015455,3.08059798,3.080544374,3.080513314,3.080430293,3.115958713,3.080577655,3.079737806,3.080646586,3.079943461,3.080072657,3.080609746,3.080638115,3.080029741,3.08049972,2.863094083,7.82622324,2.878346558,4.640573025,3.290372285,5.236167015,12.29618156,2.955605115,9.885081148,2.649378535,4.730548128,5.366946867,7.925208509,1.925080385,3.003692541,3.167275772,3.775365751,3.000778032,3.796621419,3.01546732,16.54076638,8.499382031,13.03916619,7.055135692,18.63413858,14.69011674,2.840260387,1.998118603,3.694705273,5.563711482,2.055880464,14.14066468,3.086949408,2.410325663,8.531055407,9.865849636,6.105576771,2.103582304,3.105563833
s8444,3.06109563,2.491662336,3.079766947,3.055092595,3.080472392,3.080526414,3.079828241,3.269260737,3.062684534,3.080072613,0.405711739,3.077403179,3.080225809,3.079485282,3.080563298,3.078483886,3.081028644,3.080501811,3.079498254,3.080464176,3.080904608,3.080329249,3.080502644,3.080289148,3.080427879,3.080047705,3.079880921,3.07948641,3.086717805,3.080154431,3.081818715,3.079938818,3.080588943,3.080555917,3.080502402,3.08041101,3.116090079,3.080606249,3.079674309,3.080594198,3.079865714,3.080221506,3.080602774,3.080556725,3.079976266,3.080498674,2.912441603,8.000391243,2.776740302,4.253940481,3.276189386,4.367015557,12.32416785,2.956589293,10.47900872,2.653679387,1.84920424,5.477794862,7.706564411,1.902418711,3.10437533,3.198291869,3.951001302,4.846300582,4.029868861,3.01476093,16.00464334,8.452480338,13.06117079,7.517730531,17.9275605,15.4521914,2.757591066,4.66249132,4.810333113,5.752610017,4.541167875,14.98550224,4.969377219,2.479159668,10.41194852,9.282661157,5.621463981,2.043621697,3.108961965
s7958,3.057246465,2.508757521,3.078064678,3.054865463,3.080475,3.080594519,3.07973572,3.26874904,3.072918885,3.080296953,2.821652969,3.077277675,3.080187887,3.079110077,3.080512653,3.079027498,3.080805565,3.080500981,3.07946013,3.080399641,3.080711757,3.079833912,3.080500545,3.08029109,3.080487614,3.080111082,3.07988895,3.079482972,3.086301715,3.080316279,3.081710057,3.079945758,3.080542538,3.080497074,3.080555664,3.080409487,3.080493429,3.080604256,3.079689253,3.080584739,3.079920668,3.080182601,3.080563638,3.080616952,3.080007516,3.080498803,2.939435417,9.571962291,2.735859486,4.173786242,3.267061736,2.303253235,12.05655629,2.925414953,8.951779849,2.65490367,5.67513166,5.389411515,6.788293056,1.872898894,3.065296649,3.209760129,3.960018658,2.972197098,2.545822881,2.993234518,16.50214678,6.473862325,12.47544256,7.338930592,19.44194934,13.9867528,2.713238344,4.165975381,1.831172092,5.759552496,2.439675269,14.35092803,3.055142865,2.540286219,9.700323118,8.941178072,5.705309714,4.516587906,3.070899507
s7605,3.055739157,2.433479314,3.080105243,3.027117136,3.080469077,3.080575662,3.079906608,3.268852423,3.071639399,3.080156963,2.76341306,3.077255302,3.080191453,3.074115044,3.08052132,3.066055453,3.081109198,3.080502495,3.079603218,3.080479142,3.081018197,3.080605897,3.080503181,3.080296729,3.080520756,3.080061208,3.079906065,3.079494323,3.086848673,3.080392859,3.081708825,3.07995463,3.080544358,3.080512018,3.080612086,3.080413516,3.116078866,3.080598823,3.079629476,3.080589809,3.079869285,3.08016343,3.080553896,3.080709957,3.079915768,3.080498753,2.891477328,4.590312041,2.721015789,7.77438883,3.226874996,2.163421565,12.1640224,2.997812661,10.64927448,2.700446721,6.097522377,5.444291481,7.576655806,1.90306418,3.087245982,3.146680705,3.920988061,2.958357615,5.180674725,3.013192326,16.81905598,8.544321564,12.80696762,7.866801193,18.58854527,15.93046423,2.760919115,1.662071916,4.206522996,8.203601864,2.526009182,14.82713687,3.080867807,2.393700637,11.05294339,8.992342697,7.204516546,1.704741949,3.068355099
s7477,3.036471724,2.696444171,3.083373452,3.058329523,3.080436257,3.080552274,3.08027449,3.268857754,3.063674803,3.080864654,3.085266583,3.07865466,3.080176047,3.079965348,3.080448944,3.080848968,3.080526587,3.080502811,3.07968759,3.08009027,3.080303556,3.078746854,3.080498584,3.08023758,3.080368405,3.080005054,3.079669009,3.079007463,3.088367535,3.080749751,3.085586783,3.079724249,3.08039865,3.080412931,3.080905897,3.080292214,3.116409134,3.080729568,3.079935629,3.080575555,3.079725514,3.080233792,3.080585614,3.080951345,3.079368525,3.080499193,2.983799516,5.758022105,2.738524735,5.036911469,3.381771372,2.536248566,12.43206888,3.252272888,10.44831523,3.250041078,4.50086761,5.497902576,7.749324463,2.63333607,3.23180486,3.410420026,4.405447628,3.446222666,3.198009432,3.183533932,16.880501,9.136277052,13.00443917,7.181478356,18.76283275,15.20911725,2.511299616,3.694882516,2.608688682,6.022819164,3.342601515,14.59738909,3.070368165,2.741222319,10.67164771,9.909149217,6.268533225,2.42889038,3.134847397
s6687,3.029183898,2.466885705,3.075263699,3.027018633,3.08046517,3.080675729,3.080175463,3.269050431,3.072020177,3.080555634,2.900748567,3.077716687,3.080183003,3.07900947,3.080522759,3.077409447,3.080779393,3.080501876,3.079816911,3.080422162,3.080683409,3.079919705,3.080500513,3.080276594,3.080883881,3.080222308,3.079859639,3.079454675,3.08646171,3.08016211,3.082218936,3.079920007,3.080523499,3.080504247,3.080537802,3.080404549,3.116332874,3.080616395,3.079666955,3.0805906,3.080023154,3.080220031,3.080539483,3.080582183,3.079882921,3.080499204,2.883868815,6.487018782,2.779772209,5.934053004,3.427643777,2.157910236,12.98130989,3.001614435,11.23371582,2.65325245,4.109977959,5.462809949,7.14729016,2.079073935,3.206902222,3.106119697,3.646798241,2.921133351,0.799746984,3.069034267,17.0385554,8.58736608,12.81597467,7.417755559,17.34376179,15.77244479,2.708952536,1.668968875,1.41634754,7.188070009,4.305135559,14.7662148,3.072027652,2.483199396,8.659787491,8.643636568,3.09343485,5.392837967,3.084418985
s6034,3.039200998,2.481546962,3.076904609,3.036366534,3.080466652,3.08058286,3.080073347,3.268896176,3.071304854,3.080298153,2.660809259,3.077570515,3.080187552,3.068892691,3.080520707,3.077727436,3.08087805,3.080502094,3.079635912,3.080484772,3.080777877,3.08011079,3.080501301,3.080284216,3.080671442,3.080120859,3.079867668,3.079466314,3.087064398,3.080253589,3.081920715,3.079927564,3.080529083,3.080504006,3.08056952,3.080406703,3.116264852,3.080612438,3.079724005,3.080597589,3.079926186,3.080198671,3.080561632,3.080645095,3.079887427,3.080498865,2.814794361,6.687203472,2.776218663,4.055266229,3.288619821,2.291578839,11.65775544,2.9583781,9.165766511,2.414442433,1.8653595,5.481423704,6.520645522,1.814863706,4.593602291,3.117770829,3.923145447,2.957319929,2.457118026,3.039720576,15.97758343,8.357861021,12.4487925,6.646603349,18.64742813,14.29770915,4.281830969,5.729806242,4.769022225,5.726996783,2.647411244,13.39128787,3.063717732,2.269692983,8.830404035,8.751793124,3.94885034,2.114085492,3.059266011
s6275,3.046180559,4.369206104,3.076030377,3.01704973,3.080465573,3.080638845,3.080628523,3.26573961,3.068781562,3.080441426,2.961290432,3.078638486,3.080149321,3.078121981,3.080459708,3.078782276,3.08080667,3.080501125,3.080116157,3.079123948,3.080727316,3.080239868,3.080491155,3.080309963,3.080498785,3.079886515,3.080005589,3.079411556,3.087903559,3.079912073,3.084277072,3.080035933,3.080420511,3.080454331,3.080426685,3.080393811,3.116706324,3.080616753,3.079801531,3.080314555,3.079805696,3.080496272,3.080748328,3.079521389,3.079622881,3.080499329,2.863767334,7.219638019,3.63709629,4.319059488,3.324348615,3.505659607,11.78884357,2.866010319,10.15104406,2.447363907,4.295152856,5.442495137,7.386208897,2.61048276,3.275354999,3.281009175,4.118752564,2.945006987,4.544325357,3.170165297,16.88016872,8.820710203,12.24134865,8.09513738,18.28536862,15.41296568,2.67687192,3.538737894,2.047806164,5.934315733,3.355891268,14.66590484,3.11868554,2.448707498,9.957588393,9.141901667,5.644437207,4.269342554,3.129157026
s6338,3.061652624,2.49723576,3.074141156,3.051071359,3.080467043,3.08058349,3.079931274,3.269012568,3.071295091,3.080188333,1.603279102,3.077337742,3.08020733,3.079552326,3.080497676,3.07739601,3.078455487,3.080502908,3.079675192,3.080482114,3.08110023,3.080629511,3.080504308,3.080294106,3.0804863,3.080097351,3.079896431,3.07948666,3.086791996,3.080263763,3.081693198,3.079927,3.080562114,3.080532043,3.080567499,3.080410919,3.116028082,3.080603569,3.079574199,3.080595107,3.079881088,3.080176684,3.080570038,3.080654432,3.079898918,3.080498774,2.893441671,6.984306707,2.754347569,4.106460383,3.219507291,2.241052949,12.27340882,2.966836891,10.43978912,2.586808572,5.753858075,5.449498783,8.100823286,1.830032457,3.081158922,3.205054077,3.865234989,2.903151959,0.702695841,3.004702807,16.94950317,8.801677266,13.04786961,6.627945044,19.4017552,15.35032082,2.777357099,1.921625262,1.545772095,5.67544986,5.481498814,14.95574877,3.083589312,2.42130311,9.22813932,9.312694099,5.808121713,2.018932567,3.098496568
s6320,3.060723417,2.434069111,3.074899925,3.05189229,3.080464763,3.074583494,3.080123423,3.269420206,3.073405523,3.080972988,2.885738122,3.077619675,3.080174349,3.078908433,3.080523361,3.047997706,3.080790364,3.080501913,3.080074254,3.080358019,3.080703282,3.079926106,3.080500586,3.080274308,3.081142252,3.080392942,3.079861114,3.079442984,3.08593859,3.08016108,3.082362853,3.079915297,3.080525542,3.08050344,3.080538537,3.080403816,3.116259256,3.080614693,3.079571101,3.08058719,3.080149054,3.080176687,3.080494519,3.080581925,3.07988403,3.080499738,4.106667787,6.529958961,2.677338744,4.00029821,3.338051696,2.430003983,12.20184943,2.892033137,9.987370112,2.605408018,3.536623188,5.344288449,7.771126864,4.532768557,4.591878644,3.111791573,6.981124897,2.911348289,1.069139687,2.973385018,16.81961178,9.386274377,12.90179116,8.063052982,18.62948324,15.90092494,2.716662033,3.253866879,1.245649639,5.61529984,2.604517846,14.92084768,3.046185603,2.363190107,9.889638963,9.653616556,4.930187473,4.235429917,3.111533342
s6290,3.058708084,2.51218795,3.071107739,3.04774413,3.080471123,3.080550068,3.079813014,3.269054432,3.0660479,3.080116536,2.612602288,3.077262427,3.080191993,3.079968482,3.080497732,3.077910185,3.079386224,3.080502716,3.078455285,3.080530596,3.081193724,3.076778432,3.080504971,3.080296855,3.080435717,3.080098924,3.079887453,3.07949339,3.087642471,3.080228388,3.081687768,3.079923722,3.080547787,3.080506926,3.08053925,3.080411294,3.115981023,3.080603205,3.079655582,3.080606786,3.079853778,3.080153649,3.080598376,3.080629958,3.079943987,3.080498642,2.90320281,6.81191453,2.808589455,4.152111691,4.629270673,3.550184002,12.19529872,3.017460719,10.13257155,2.736675457,3.625621392,5.431770195,7.416377688,1.832963219,3.201443279,3.158508268,3.984413108,2.918732427,4.543886666,4.409084378,17.29219826,9.310541153,12.90259526,7.57084464,18.77179894,15.92624012,2.751059953,3.115810968,3.009868025,5.739165268,3.874545306,14.80257878,3.075272123,2.441632888,11.09438156,9.036332997,2.283951882,3.277732084,3.098055499
s6958,3.06022217,2.467437307,3.077304542,3.024657105,3.080475644,3.080582419,3.068238616,3.269572879,3.071624905,3.080384578,2.823216044,3.077157583,3.080212532,3.079058322,3.080569552,3.075171827,3.080776526,3.080501133,3.079383674,3.080683966,3.080650936,3.079599304,3.080500065,3.080300167,3.080417274,3.080128787,3.079872673,3.07945235,3.082369037,3.080257628,3.081923692,3.079946649,3.080587221,3.079795305,3.080542875,3.080408607,3.115974294,3.080605366,3.080025375,3.080641992,3.07987381,3.080102061,3.080632399,3.080671719,3.079971111,3.080498726,2.914493309,2.130196925,2.706671184,7.334451681,3.24526163,2.366070495,12.21820008,2.942979873,10.91823963,2.613574904,2.079058919,5.362611119,8.301483217,1.816440607,3.042165561,3.104184428,3.918499228,2.909614837,3.947868784,3.012091609,16.48675632,9.192484788,12.9336391,8.040066584,19.30101744,15.33388525,2.702533989,5.079296584,1.456723192,5.736638764,2.533071363,14.30117227,3.083477234,2.391405476,8.799918978,9.364510242,2.280716852,1.943587739,3.098173297
s5588,3.05656572,2.469157991,3.075195849,3.017694059,3.080473892,3.080581053,3.079717589,3.266390687,3.071105391,3.080317298,2.786626881,3.077202994,3.080188913,3.077891289,3.080524888,3.078811615,3.080867304,3.080501943,3.079441482,3.078934286,3.080755677,3.079967086,3.080490469,3.080298089,3.080483751,3.080110899,3.079881492,3.079467657,3.087926313,3.080383371,3.081746879,3.079944702,3.080545597,3.080499843,3.080597248,3.080408784,3.115969743,3.080605047,3.079858477,3.080322344,3.079876862,3.080119522,3.080584548,3.079906085,3.079644655,3.080499204,2.88512341,7.339422907,2.682549099,4.109355507,3.246814883,2.300458351,13.12908053,2.909900009,10.38982577,2.536341067,2.121241098,5.454869996,7.21147219,4.640396464,3.035381397,3.111804089,5.659286761,2.882681166,0.788020094,4.838313404,16.83629304,8.481308508,12.86228604,7.803029224,17.91449713,15.86673094,2.724906416,3.781021588,4.399945395,5.680066528,6.314794899,14.85495643,3.058965096,4.20875416,10.05112591,9.351535659,2.365352301,1.730743806,3.100221073
s5617,3.051026078,2.529223959,3.076176652,3.04830047,3.080465363,3.080501604,3.080207793,3.268655044,3.071434617,3.080109599,2.798962778,3.077773416,3.080231935,3.079078578,3.080573967,3.07787725,3.080796963,3.08050191,3.079558342,3.080485653,3.080680843,3.079955284,3.08050072,3.080281684,3.080551455,3.08003518,3.079865697,3.079467031,3.086870248,3.080134254,3.082201852,3.079929165,3.080573743,3.080560464,3.080526033,3.080405498,3.116385964,3.080617012,3.079758098,3.080595226,3.079876902,3.080266111,3.080596346,3.080573502,3.079877964,3.080498611,2.827242664,7.89661447,2.900362864,4.631038102,3.259389945,2.419114407,12.3306814,2.891280923,10.39846852,2.597752398,4.405327399,5.475230393,7.203276264,1.89688371,3.04778283,3.240803535,4.004770149,2.867426,3.350836718,2.892489489,16.58891054,7.476502717,11.9743511,8.098864597,18.70192298,14.41125112,2.786929325,2.053423139,1.413641848,5.735700982,2.415233733,14.44216037,3.082191301,2.361027156,10.13529658,7.712390667,5.347030214,4.902869717,3.024344942
s6892,3.058622768,2.223347339,2.904331041,3.057208022,3.08046545,3.08048587,3.080270483,3.268634915,3.070421977,3.080083429,2.92373312,3.077879754,3.08019299,3.079106099,3.080521609,3.07776329,3.080767083,3.080501825,3.079547805,3.08049571,3.08066283,3.079921033,3.080500473,3.080278243,3.080606636,3.080032258,3.079857591,3.07946926,3.087036267,3.080121715,3.082147071,3.079924394,3.08052008,3.080506097,3.080520776,3.080405472,3.116443013,3.080618988,3.079771135,3.080594233,3.079886151,3.080282131,3.080595488,3.080555961,3.079883117,3.080498604,2.898751767,6.787471165,2.916962317,6.642863266,3.503158679,1.989269038,12.07098271,3.034042006,9.531680907,2.357482431,1.661225148,5.52400015,7.573189209,1.947576597,3.087596966,3.333385437,4.027447896,3.033267567,4.556103644,3.163224433,18.55126649,8.970282708,12.9820289,6.995905498,17.78084818,14.30271474,2.812731171,4.876897647,1.814249224,5.501018911,2.940208852,14.17782456,3.151215356,2.464581231,11.17120967,9.674282998,6.964910807,1.601369553,3.117999593
s5305,3.05656572,2.469157991,3.075195849,3.017694059,3.080473892,3.080581053,3.079717589,3.266390687,3.071105391,3.080317298,2.786626881,3.077202994,3.080188913,3.077891289,3.080524888,3.078811615,3.080867304,3.080501943,3.079441482,3.078934286,3.080755677,3.079967086,3.080490469,3.080298089,3.080483751,3.080110899,3.079881492,3.079467657,3.087926313,3.080383371,3.081746879,3.079944702,3.080545597,3.080499843,3.080597248,3.080408784,3.115969743,3.080605047,3.079858477,3.080322344,3.079876862,3.080119522,3.080584548,3.079906085,3.079644655,3.080499204,2.88512341,7.130663139,2.682549099,5.279581508,3.246814883,2.300458351,12.16958662,2.909900009,9.770344156,2.536341067,3.291467099,8.109784094,7.496920566,1.816709635,3.035381397,3.111804089,3.811272775,2.882681166,3.442934193,2.990299418,16.83629304,8.674787401,12.86228604,8.180118963,19.37484458,15.13225853,2.724906416,5.881327908,2.746484566,5.680066528,5.224302739,14.29152561,3.058965096,2.360740174,10.79353101,9.351535659,6.313672606,1.730743806,3.100221073
s5172,3.059857998,2.175578809,3.066467505,2.792293731,3.080450163,3.080395091,3.080888194,3.264199152,3.072535386,3.078784951,2.913028594,3.078006895,3.080208601,3.078009439,3.080493719,3.076032376,3.080853847,3.08050208,3.079506887,3.076706817,3.080710671,3.08043182,3.080491202,3.08018374,3.080628119,3.079478362,3.07989583,3.079563411,3.065249045,3.081091962,3.078673393,3.079950606,3.080495512,3.080523549,3.080880969,3.080409291,3.116339944,3.080614621,3.077270061,3.079872369,3.08002787,3.080821058,3.080000805,3.079803406,3.07964615,3.080499329,4.322466382,5.967723884,1.941575719,3.195114143,3.08331225,2.420086577,12.61795125,2.774677755,10.55257252,2.404700339,2.894003131,5.445335345,9.089195666,1.713929193,2.79636839,2.866053268,5.101969579,2.705319004,2.070541974,2.906635588,17.13401441,9.70157143,12.49957601,7.188309434,19.03876753,14.87151354,4.02291768,2.434522792,4.574932873,7.123064277,4.721743919,14.86413173,2.881359342,2.044719262,10.36582459,9.972932175,5.121631485,4.972726341,3.093763447
s4933,3.062488054,1.86644494,3.07208377,2.611808186,3.080456619,3.080479372,3.080503495,3.267863648,3.068815975,3.079622395,2.897179928,3.077836733,3.080196013,3.079197743,3.080509707,3.076921268,3.080761057,3.080501956,3.079544169,3.079539474,3.080643219,3.080053366,3.080500546,3.080236378,3.080668624,3.079819987,3.079868346,3.079495344,3.077547998,3.080672066,3.08045392,3.079931468,3.080506602,3.080509207,3.080738627,3.080404745,3.116379276,3.080617829,3.078685649,3.080407354,3.079964723,3.080473995,3.080305283,3.080674545,3.079874988,3.080498846,3.045904669,8.104952536,5.124573732,3.474537102,3.607314926,2.4740267,11.83620971,2.913573809,10.10501525,2.507712998,6.702073181,5.292258403,7.63683654,1.730158731,5.156414948,2.758022351,4.224810189,2.730643737,2.132861776,2.965855752,16.73384448,8.762067673,12.70274946,6.474956927,18.43191079,14.5625466,3.159701739,2.921991334,4.812889754,5.333982075,2.87170042,14.33571316,2.807783526,2.180945887,10.62728454,9.603652456,4.578382055,2.977377013,3.097065618
s5405,3.01495998,2.014046923,3.062615734,2.561190429,3.080454731,3.080634601,3.080443781,3.268053461,3.073437767,3.079917375,2.909081372,3.077643822,3.080189038,3.079176954,3.080511863,3.076514388,3.080775904,3.080502045,3.079744394,3.079278605,3.08065205,3.080082084,3.080500563,3.08022612,3.0809146,3.079937187,3.079868942,3.079488625,3.075100563,3.080855652,3.079966894,3.079928063,3.080509386,3.080508812,3.080812059,3.080403991,3.116271018,3.080615151,3.078378055,3.080366452,3.080094647,3.067445624,3.066169286,3.080748331,3.07987258,3.080499399,2.471257974,5.191599429,1.690953828,3.997715474,3.394125814,2.592665962,11.88543661,2.82746168,12.05388812,2.561149628,3.349430097,5.443429691,7.967806339,3.20038864,4.383956754,3.791667732,4.278927674,6.066563642,2.886522952,4.009830996,16.16011717,9.795640338,12.64348145,7.07434859,19.2595055,14.8351231,2.268575507,2.643100761,8.762801312,5.432828187,3.187456856,14.78365954,5.615289288,2.81561336,10.00673926,9.389117943,4.793845084,5.60062653,3.012240901
s3713,3.057525222,2.524104427,3.054696245,3.074665941,3.080471347,3.080629432,3.079745611,3.271454469,3.071434964,3.07725555,2.606168505,3.077088097,3.080214018,3.080694264,3.080523255,3.077066351,3.08173941,3.08050499,3.079874941,3.080706,3.081674605,3.081817657,3.080510164,3.080311851,3.080475102,3.080203917,3.07990787,3.079503374,3.089291374,3.080094297,3.081952984,3.079916804,3.080590524,3.080549033,3.080493216,3.080415921,3.115947352,3.080596685,3.079651502,3.080642937,3.07984572,3.080080599,3.08064097,3.080618233,3.07992174,3.080499685,2.988602819,6.701822016,2.844375335,3.928488172,3.324351097,2.179117664,12.04615612,3.057225025,10.6780765,2.886999997,1.748567146,5.457959573,6.806536955,1.839638886,3.192977237,5.588559566,3.963662787,2.963544661,4.426302399,3.025270746,16.32427646,8.404746448,12.95706847,8.509365609,18.85715857,14.39248923,2.781277949,4.222664583,1.344833882,5.74592931,2.478405972,14.31307925,3.102339603,2.613703589,10.48696575,8.64164438,5.960481076,4.262242269,3.097867811
s3442,3.046180559,2.361014413,3.076030377,3.01704973,3.080465573,3.080638845,3.080628523,3.26573961,3.068781562,3.080441426,2.961290432,3.078638486,3.080149321,3.078121981,3.080459708,3.078782276,3.08080667,3.080501125,3.080116157,3.079123948,3.080727316,3.080239868,3.080491155,3.080309963,3.080498785,3.079886515,3.080005589,3.079411556,3.087903559,3.079912073,3.084277072,3.080035933,3.080420511,3.080454331,3.080426685,3.080393811,3.116706324,3.080616753,3.079801531,3.080314555,3.079805696,3.080496272,3.080748328,3.079521389,3.079622881,3.080499329,2.863767334,7.641819246,2.466870289,4.319059488,3.324348615,3.18734749,11.78884357,2.866010319,9.327961786,2.447363907,6.753923438,5.442495137,6.94607055,1.440256758,3.275354999,3.281009175,4.118752564,2.945006987,3.387746601,3.170165297,16.88016872,9.047512717,12.69631937,8.49221693,17.88583781,15.41296568,2.67687192,3.538737894,2.047806164,5.934315733,3.355891268,15.06543564,3.11868554,4.138587071,9.672140016,8.948422774,5.803355982,3.910938197,3.129157026
s3530,3.05656572,2.469157991,3.075195849,3.017694059,3.080473892,3.080581053,3.079717589,3.266390687,3.071105391,3.080317298,2.786626881,3.077202994,3.080188913,3.077891289,3.080524888,3.078811615,3.080867304,3.080501943,3.079441482,3.078934286,3.080755677,3.079967086,3.080490469,3.080298089,3.080483751,3.080110899,3.079881492,3.079467657,3.087926313,3.080383371,3.081746879,3.079944702,3.080545597,3.080499843,3.080597248,3.080408784,3.115969743,3.080605047,3.079858477,3.080322344,3.079876862,3.080119522,3.080584548,3.079906085,3.079644655,3.080499204,2.88512341,6.915269753,2.682549099,4.109355507,3.246814883,5.944904676,12.16958662,2.909900009,10.54802696,2.536341067,2.121241098,5.454869996,7.21147219,1.816709635,3.035381397,3.111804089,7.4557191,2.882681166,4.432466419,2.990299418,16.395757,8.041170161,12.86228604,7.916642374,18.64037217,14.40638349,2.724906416,1.933007603,1.576258565,5.680066528,5.308850594,14.29152561,3.058965096,2.360740174,11.15031295,9.152335454,6.832314572,1.730743806,3.100221073
s4141,3.046180559,2.361014413,3.076030377,3.01704973,3.080465573,3.080638845,3.080628523,3.26573961,3.068781562,3.080441426,2.961290432,3.078638486,3.080149321,3.078121981,3.080459708,3.078782276,3.08080667,3.080501125,3.080116157,3.079123948,3.080727316,3.080239868,3.080491155,3.080309963,3.080498785,3.079886515,3.080005589,3.079411556,3.087903559,3.079912073,3.084277072,3.080035933,3.080420511,3.080454331,3.080426685,3.080393811,3.116706324,3.080616753,3.079801531,3.080314555,3.079805696,3.080496272,3.080748328,3.079521389,3.079622881,3.080499329,2.863767334,5.76534331,3.63709629,5.489285489,3.324348615,3.904954439,12.8621384,2.866010319,9.531562444,3.617589908,5.02642312,5.442495137,8.005690509,1.440256758,3.275354999,3.281009175,4.118752564,2.945006987,3.180388244,3.170165297,16.88016872,8.820710203,12.69631937,7.858599691,18.28536862,15.41296568,2.67687192,3.80232862,2.047806164,5.934315733,3.355891268,14.66590484,3.11868554,3.618933499,10.19412608,9.141901667,5.723009333,2.084915897,3.129157026
s4161,3.055200047,2.564252205,3.0751765,3.100386951,3.080479995,3.080629812,3.079330987,3.269593963,3.069398219,3.080784262,2.747117175,3.076861651,3.080206728,3.07922685,3.080569856,3.078071474,3.080872933,3.080501709,3.079393245,3.081255426,3.080763143,3.079296539,3.080500623,3.080334863,3.080432307,3.080319653,3.079873601,3.079443792,3.089401906,3.078227371,3.077258701,3.079940389,3.080595658,3.080526103,3.079765753,3.080410188,3.115872251,3.080600205,3.080702896,3.080762947,3.079826752,3.079869528,3.080760265,3.080794581,3.079931693,3.080498679,2.973637393,6.490437115,2.869815259,3.84254853,3.305556848,2.373818353,12.33922375,2.911774622,11.25655529,2.690008374,4.645843814,5.424597956,7.698030664,1.904391774,2.984718552,3.199608527,3.876289443,2.924459195,6.129086768,5.661847636,17.03247551,8.911867236,12.84028885,6.219410464,18.37043363,16.24742624,2.759288908,1.878540986,4.199582157,5.606613626,5.203594078,14.95101003,3.074281973,2.435344088,10.17786882,9.366881967,5.03902933,2.069878481,3.080435716
s3869,3.055757155,2.492584577,3.065876354,3.048551828,3.080471578,3.080547235,3.079777695,3.268709704,3.06881903,3.080175151,2.814184329,3.077467959,3.080209592,3.079117374,3.080541828,3.073327786,3.080833806,3.080501438,3.0795042,3.080473541,3.080740044,3.073424244,3.080500968,3.080290611,3.079124122,3.080066389,3.079890172,3.079489927,3.086650298,3.08021392,3.081871721,3.079947623,3.080561681,3.080519778,3.080530043,3.080411309,3.116104027,3.080605664,3.079723765,3.080593065,3.079891789,3.080220594,3.080587572,3.080587027,3.079963774,3.080498667,2.902183062,6.393571916,2.783049202,5.016107724,3.825067215,5.886944868,11.52091744,2.945498251,10.0306966,2.624143454,3.540704523,5.461702586,6.538633228,4.966050703,3.08744931,3.209145994,7.288848848,2.944330182,1.874557415,3.004537489,15.91105196,8.035361427,12.09318767,8.745401539,17.99407193,14.06930016,2.748735304,2.476507017,1.684653181,5.689511939,3.060686225,16.41990545,4.372061989,2.4130296,9.993752425,7.962928811,9.380717974,2.445393539,3.074022879
s3095,3.062540741,2.35064536,3.070082535,3.046375762,3.080463644,3.080688581,3.08035192,3.267914155,3.071992429,3.080471992,1.869610481,3.077841806,3.080152758,3.081400163,3.080573878,3.07979182,3.078704159,3.080501774,3.080013846,3.080593216,3.080885285,3.081285401,3.080502323,3.08031125,3.080771737,3.079861417,3.079990224,3.079379165,3.087371025,3.080836077,3.082253388,3.080073145,3.0804445,3.080464635,3.080811,3.080389116,3.11704826,3.08060993,3.079784769,3.080585729,3.079761504,3.080264635,3.080562357,3.080924095,3.079831787,3.080499479,2.890172225,6.178557677,2.490231025,4.299759513,3.25094,1.368015744,11.9763475,2.978843515,10.25105576,2.507087515,2.07641094,5.502684359,7.396391022,1.548605306,3.282878414,3.359440398,4.145288697,2.963010992,3.081935066,3.180847711,16.76297161,8.626891508,12.78308227,7.709813881,18.22267731,15.1991926,2.733189426,3.778563051,2.20440152,5.901029363,3.299195434,14.88057789,3.14398969,2.51090659,10.09970831,9.059965746,6.894910743,3.346951196,3.121139394
s3243,3.058622768,2.514167174,3.07568879,3.057208022,3.08046545,3.08048587,3.080270483,3.268634915,3.070421977,3.080083429,2.87146848,3.077879754,3.08019299,3.079106099,3.080521609,3.07776329,3.080767083,3.080501825,3.079547805,3.08049571,3.08066283,3.079921033,3.080500473,3.080278243,3.080606636,3.080032258,3.079857591,3.07946926,3.087036267,3.080121715,3.082147071,3.079924394,3.08052008,3.080506097,3.080520776,3.080405472,3.116443013,3.080618988,3.079771135,3.080594233,3.079886151,3.080282131,3.080595488,3.080555961,3.079883117,3.080498604,3.882107727,3.501179873,2.897563496,4.467974148,3.413887415,3.408528243,12.39967612,2.877150272,10.19140849,2.692909636,5.562200485,5.504601328,7.624118825,1.917939104,4.14790606,3.262515334,6.003833455,2.991760568,4.936864897,2.852918193,16.52881777,8.4826973,13.00850705,7.581648386,18.1108408,16.30613257,2.806410247,3.980685382,1.705565413,5.941830725,3.886122063,14.5529475,6.236207569,2.509345108,10.49685557,9.24588214,3.305396475,2.355575867,3.117999593
s3173,3.053153063,2.503542761,3.076942282,3.059455122,3.080468487,3.080541858,3.079975415,3.268804499,3.066711783,3.080144714,2.722553533,3.077448804,3.080188129,3.078667753,3.080479966,3.077585772,3.080677486,3.080501885,3.079501737,3.080513967,3.080743694,3.079776083,3.080500972,3.080295099,3.080415406,3.080039996,3.079907524,3.079499674,3.086712807,3.080257288,3.081777658,3.079947198,3.080532045,3.080502508,3.080558448,3.080415158,3.115974001,3.080600674,3.07968471,3.080594487,3.079880999,3.08021749,3.080582393,3.080625848,3.079925053,3.080498539,2.891535053,7.251304468,2.865761844,4.015789939,3.241391153,2.068638047,12.21292033,2.929457933,9.278457636,2.588258989,5.280891359,5.389790996,7.512529899,1.884090944,4.640524128,3.125109749,4.009268886,2.897376458,3.938900616,2.956513851,16.89067978,9.566379866,12.57288059,7.492325958,18.96430441,15.8674211,2.731818617,3.132899228,4.094209321,5.776340462,5.02239204,14.92296562,4.527308608,4.09630688,9.930923882,9.092488925,4.853910738,2.159763929,3.107711665
s3296,3.05404118,2.356952361,3.072883661,3.054759525,3.080465088,3.080646948,3.080396062,3.267706087,3.06740912,3.080428373,2.988884912,3.077952869,3.080133557,3.08051559,3.080556168,3.079981582,3.080926158,3.080500752,3.07984039,3.080625069,3.080528748,3.080431973,3.080498987,3.080312244,3.080700843,3.079804063,3.080001317,3.079392179,3.087291836,3.080829602,3.082337847,3.080093342,3.080414431,3.080435099,3.080801949,3.080393355,3.116994179,3.080607035,3.079895281,3.080585109,3.079761415,3.08030544,3.080574711,3.080895511,3.079857922,3.080499244,2.888265607,6.970225876,2.6016453,5.489411316,3.272823862,3.125220407,12.52041564,4.221786805,9.406939142,2.508537931,4.996923161,5.442976572,6.8182194,1.602663793,3.301454817,3.27949607,4.289322594,2.957235491,2.746277709,3.132658756,16.70414823,8.808009655,12.39219709,7.397634228,18.91922973,14.98182047,2.687650944,3.354234584,3.46279475,6.001919965,3.177634122,14.44826394,3.046920184,2.645121559,9.883427255,9.033239464,6.168573648,3.089930304,3.130354492
s3393,3.058622768,2.514167174,3.07568879,3.057208022,3.08046545,3.08048587,3.080270483,3.268634915,3.070421977,3.080083429,2.87146848,3.077879754,3.08019299,3.079106099,3.080521609,3.07776329,3.080767083,3.080501825,3.079547805,3.08049571,3.08066283,3.079921033,3.080500473,3.080278243,3.080606636,3.080032258,3.079857591,3.07946926,3.087036267,3.080121715,3.082147071,3.079924394,3.08052008,3.080506097,3.080520776,3.080405472,3.116443013,3.080618988,3.079771135,3.080594233,3.079886151,3.080282131,3.080595488,3.080555961,3.079883117,3.080498604,2.892314657,5.933857832,2.897563496,4.467974148,3.413887415,2.418735173,12.39967612,2.877150272,10.3906087,2.692909636,4.838931008,5.504601328,7.624118825,1.917939104,3.15811299,3.262515334,4.07421389,2.991760568,3.710277308,2.852918193,16.52881777,8.579436747,13.00850705,6.309410498,18.83671584,14.84578512,2.806410247,5.695512142,1.705565413,5.941830725,2.896328993,14.5529475,3.063995607,2.509345108,11.04006046,9.24588214,5.139290235,2.355575867,3.117999593
s3282,3.059008816,2.202568697,3.06631901,3.024907202,3.080468399,3.080560021,3.080294064,3.272190771,3.068395249,3.080713679,2.993102548,3.077715966,3.080127885,3.07552499,3.08058573,3.079742612,3.08135156,3.080503011,3.080122104,3.080645464,3.080843199,3.081275424,3.080503117,3.08031812,3.08095569,3.07994691,3.080008333,3.07939081,3.087750287,3.080870792,3.082328666,3.079508797,3.080427424,3.080442486,3.080815336,3.080396869,3.11704416,3.08060201,3.079825879,3.080595102,3.079819283,3.080224092,3.080548272,3.080937155,3.079870501,3.080501398,3.962291929,6.222207879,2.528262916,6.608244403,5.452041976,3.532171938,11.93933139,3.01368114,9.987499377,2.584219916,4.032518772,5.498766071,7.294523147,1.579820231,3.335233828,3.359396178,4.269115017,3.00952184,3.646030792,3.195765233,16.68698322,8.862140531,12.7565641,7.554531738,18.32576596,15.16840916,3.733800078,4.162136713,3.118194138,5.98795329,3.342610336,14.89485827,3.142402848,2.558010024,10.24131143,9.161488306,6.819091724,3.704108122,3.124403493
s2440,3.0581207,2.349159097,3.070377631,3.029602799,3.080471798,3.080454931,3.079873417,3.273289183,3.067697912,3.08043002,2.726771169,3.077211902,3.080182457,3.073677153,3.080509529,3.077346802,3.081102888,3.080504145,3.07978345,3.080534362,3.081058144,3.080619534,3.080505102,3.080300976,3.080670253,3.080182844,3.079914539,3.079498305,3.087171259,3.080298478,3.081768477,3.079362652,3.080545038,3.080509894,3.080571835,3.080418671,3.116023982,3.080595649,3.079615309,3.08060448,3.079938867,3.080136142,3.080555954,3.080667492,3.079937632,3.080500694,2.938021678,7.57269969,2.792379461,6.414945274,3.333845451,2.318445327,12.23639271,3.001674516,9.771353169,2.663940973,4.962380728,5.445580495,7.897155082,1.861247382,3.133514336,3.205009857,3.989061309,2.949662807,4.895677526,3.019620328,17.27304558,8.521323709,13.02135144,7.519396509,18.77037144,13.75359551,2.750428053,1.813485389,3.518788832,5.762373787,2.617002011,14.40659833,3.08200247,2.468406543,9.166141786,8.78059942,2.169337131,4.050863173,3.101760666
s2079,3.055200047,2.564252205,3.0751765,3.100386951,3.080479995,3.080629812,3.079330987,3.269593963,3.069398219,3.080784262,2.747117175,3.076861651,3.080206728,3.07922685,3.080569856,3.078071474,3.080872933,3.080501709,3.079393245,3.081255426,3.080763143,3.079296539,3.080500623,3.080334863,3.080432307,3.080319653,3.079873601,3.079443792,3.089401906,3.078227371,3.077258701,3.079940389,3.080595658,3.080526103,3.079765753,3.080410188,3.115872251,3.080600205,3.080702896,3.080762947,3.079826752,3.079869528,3.080760265,3.080794581,3.079931693,3.080498679,2.973637393,8.565589951,2.869815259,3.84254853,3.305556848,2.373818353,12.33922375,2.911774622,9.381026826,2.690008374,5.837295908,5.424597956,7.555306476,1.904391774,2.984718552,3.199608527,3.876289443,2.924459195,4.185804877,5.093697353,16.59193948,9.65427233,12.84028885,7.378035201,19.10490605,15.51295383,2.759288908,5.138380013,3.631431875,7.693377442,2.54867998,14.38757921,3.074281973,2.435344088,8.286222873,8.784019432,6.230481423,2.069878481,3.080435716
s2127,3.044814886,2.456108627,3.076011028,3.099742622,3.080471675,3.080687604,3.080241921,3.268942885,3.067074389,3.080908391,2.921780726,3.078297143,3.080167135,3.079457542,3.080504676,3.078042136,3.080812299,3.080500891,3.080067921,3.081445088,3.080734782,3.079569322,3.080501309,3.080346737,3.080447341,3.080095269,3.079997698,3.079387691,3.089379152,3.077756074,3.079788895,3.08003162,3.080470572,3.080480591,3.07959519,3.080395215,3.116608833,3.080611912,3.080645951,3.080755157,3.079755587,3.080246277,3.080924044,3.080409885,3.079909919,3.080498804,2.952281318,6.474747247,2.654136449,4.05225251,3.383090579,1.570827919,12.4272189,2.867884932,10.231188,2.601031214,2.156649784,5.412223097,7.383718337,1.527938898,3.224692154,3.368813613,4.183769232,2.986785017,2.815015889,3.186799416,15.55342646,8.761850387,12.67432217,6.715192832,19.47577753,14.33331353,2.711254412,2.496214666,2.016215658,5.860862832,3.335182608,13.75799159,3.134002416,2.523311412,9.089779182,9.453187626,3.655008447,4.800780878,3.10937167
s2321,3.055200047,2.564252205,3.0751765,3.100386951,3.080479995,3.080629812,3.079330987,3.269593963,3.069398219,3.080784262,2.747117175,3.076861651,3.080206728,3.07922685,3.080569856,3.078071474,3.080872933,3.080501709,3.079393245,3.081255426,3.080763143,3.079296539,3.080500623,3.080334863,3.080432307,3.080319653,3.079873601,3.079443792,3.089401906,3.078227371,3.077258701,3.079940389,3.080595658,3.080526103,3.079765753,3.080410188,3.115872251,3.080600205,3.080702896,3.080762947,3.079826752,3.079869528,3.080760265,3.080794581,3.079931693,3.080498679,2.973637393,6.699218172,2.869815259,3.84254853,3.305556848,2.373818353,13.29871766,5.651236576,9.760288703,2.690008374,4.730391669,5.424597956,8.331647903,1.904391774,2.984718552,3.199608527,3.876289443,2.924459195,3.665427804,3.006933537,17.03247551,9.111067441,13.44484547,7.868738091,17.6445586,16.24742624,2.759288908,5.826861291,1.544668059,5.606613626,6.497000285,14.95101003,3.074281973,2.435344088,10.85105313,9.366881967,2.384115231,2.069878481,3.080435716
s2322,3.058708084,2.51218795,3.071107739,3.04774413,3.080471123,3.080550068,3.079813014,3.269054432,3.0660479,3.080116536,2.612602288,3.077262427,3.080191993,3.079968482,3.080497732,3.077910185,3.079386224,3.080502716,3.078455285,3.080530596,3.081193724,3.076778432,3.080504971,3.080296855,3.080435717,3.080098924,3.079887453,3.07949339,3.087642471,3.080228388,3.081687768,3.079923722,3.080547787,3.080506926,3.08053925,3.080411294,3.115981023,3.080603205,3.079655582,3.080606786,3.079853778,3.080153649,3.080598376,3.080629958,3.079943987,3.080498642,2.90320281,6.290276037,5.548051409,4.152111691,3.226359033,4.886734316,12.19529872,3.017460719,9.739892456,2.736675457,2.222709752,5.431770195,8.049994928,1.832963219,3.201443279,3.158508268,3.984413108,2.918732427,4.751245023,3.006172738,17.29219826,9.310541153,12.90259526,8.344648552,17.6463931,15.92624012,2.751059953,1.712899329,1.606956385,5.739165268,5.21109562,14.80257878,3.075272123,2.441632888,11.09438156,8.832732339,5.023413836,1.874820444,3.098055499
s1283,3.053373983,2.494622387,3.075455157,3.050858246,3.08046487,3.080524393,3.08012088,3.268642209,3.073639393,3.080164483,2.862189668,3.077620929,3.080317892,3.078889235,3.08069223,3.078204387,3.080771808,3.080501894,3.079557252,3.080482255,3.08062421,3.079861958,3.08050054,3.080286828,3.080453052,3.080036982,3.079877982,3.079461249,3.086497323,3.08014399,3.082105574,3.079939271,3.073774375,3.080679542,3.080531946,3.080405469,3.116338427,3.080614606,3.079762303,3.080600472,3.079863334,3.080245001,3.080599004,3.080609375,3.079867032,3.080498608,2.941441768,7.542008395,2.777149511,6.349212762,3.2854832,2.269228742,12.24258496,2.99985457,9.95925589,2.623343558,5.36912427,5.433606577,7.651875057,2.002242949,3.094557463,3.081919981,3.967492611,3.009590614,2.800222409,3.07748005,16.50209253,9.521727352,13.04595537,7.013640595,18.57717422,14.60591096,2.785615994,1.911469402,3.737689541,5.796320593,2.419421337,14.36092321,3.042002013,2.419474534,10.07510725,9.113096387,6.323811303,1.865007694,3.111592974
s1438,3.053373983,2.494622387,3.075455157,3.050858246,3.08046487,3.080524393,3.08012088,3.268642209,3.073639393,3.080164483,2.862189668,3.077620929,3.080317892,3.078889235,3.08069223,3.078204387,3.080771808,3.080501894,3.079557252,3.080482255,3.08062421,3.079861958,3.08050054,3.080286828,3.080453052,3.080036982,3.079877982,3.079461249,3.086497323,3.08014399,3.082105574,3.079939271,3.073774375,3.080679542,3.080531946,3.080405469,3.116338427,3.080614606,3.079762303,3.080600472,3.079863334,3.080245001,3.080599004,3.080609375,3.079867032,3.080498608,2.941441768,7.051305505,2.777149511,4.262448946,3.2854832,2.269228742,12.24258496,2.99985457,9.95925589,2.623343558,1.822167963,5.433606577,7.366426681,2.002242949,3.094557463,3.081919981,3.967492611,3.009590614,3.621370298,3.07748005,16.50209253,8.263973863,13.04595537,7.794786418,19.31164663,14.60591096,2.785615994,1.911469402,1.650925725,5.796320593,6.367741642,14.36092321,3.042002013,2.419474534,10.97509408,9.510175937,6.114481807,1.865007694,3.111592974
s292,3.058455288,2.591789612,3.07796181,3.059108696,3.080465467,3.080531844,3.079958781,3.268999218,3.069783952,3.080172204,2.773217885,3.077525217,3.080194713,3.078439753,3.080452016,3.077428657,3.080598109,3.080502172,3.079497925,3.080485364,3.080747307,3.079564728,3.080501339,3.080288822,3.080335172,3.080066182,3.079880534,3.079472496,3.086713052,3.080186101,3.081886325,3.079905753,3.080534526,3.080503702,3.080541913,3.080407681,3.115841833,3.080610749,3.079649336,3.080596751,3.079883101,3.080220434,3.080591486,3.080602352,3.079886879,3.080498457,2.899217587,6.645017426,2.714366786,4.401808647,3.416801211,2.49006724,12.4927058,2.868066377,10.57602052,2.579015529,4.061355612,5.398747673,8.068135925,1.761898149,3.164935393,3.160734067,4.009586533,2.998997739,4.284750523,3.103983568,16.40980508,9.393643294,13.24944484,7.86083659,19.57266048,14.89426371,2.726572303,4.25482213,4.092566012,5.819523662,4.980369349,14.42868298,3.014634502,2.486530935,10.58772335,9.566143994,5.503885306,2.334520698,3.106110458
s615,3.058892768,2.496630041,3.077255826,3.059390391,3.080465474,3.080493788,3.080229434,3.268728497,3.070401378,3.080063873,2.829501654,3.077628448,3.08019456,3.079367421,3.080517698,3.077614295,3.080911783,3.080502177,3.079589501,3.080487598,3.080810909,3.080208915,3.080501801,3.080279965,3.080585905,3.080040732,3.079861109,3.07947345,3.082276837,3.080121195,3.082081367,3.079920087,3.080525415,3.080509266,3.080519417,3.080406033,3.11639344,3.080617229,3.079713751,3.080593564,3.079879139,3.080269452,3.080594469,3.080558928,3.079884668,3.080498607,2.870970906,6.426744785,2.857206794,4.074698128,3.374652505,2.403995959,12.39118014,2.913116362,10.4080666,2.400454397,1.864857979,5.476340144,7.972960019,2.091823352,3.122578626,3.192774326,4.086399475,2.955943982,4.04280187,2.988235742,16.48756165,8.477148258,13.07628478,7.439421315,18.60899211,14.62759627,2.788607232,2.241475717,3.800868649,5.745488043,2.716762563,14.44957916,3.118709456,2.551382382,9.58897772,10.18122848,5.37888535,2.129230693,3.115612604
s528,3.058440818,2.466105357,3.078301213,3.062803097,3.080466907,3.08055332,3.080129141,3.268657092,3.070851442,3.080242966,2.867791722,3.077697843,3.080181946,3.078989932,3.080513899,3.077986993,3.080763058,3.080501649,3.079586304,3.08043038,3.080670387,3.079856762,3.080499965,3.08028545,3.080589022,3.08004906,3.079878916,3.079453863,3.08699907,3.08023828,3.083192292,3.079942542,3.080511851,3.080492956,3.080562338,3.080402984,3.116217074,3.080614871,3.079766947,3.080582196,3.079890698,3.080247555,3.080586876,3.080577879,3.079882339,3.080498789,2.773017581,6.4088682,2.781787391,5.526260854,3.30638359,2.291880248,11.48654913,2.997001733,8.632108401,2.552827464,4.582223539,5.515064626,7.323144542,1.943901547,3.120216316,3.215211756,4.020533224,3.008445729,4.043537728,3.083320594,16.00316735,8.424937549,16.22650444,8.914559449,18.69040092,14.70098427,2.78152424,1.941962637,3.356132106,5.699176369,2.979644184,13.5006562,3.090498769,2.48704945,10.90119899,9.18396425,6.117261896,2.172159716,3.075216497
s441,3.059003119,2.583164869,3.082702298,3.066233817,3.080465549,3.080518963,3.080098769,3.269030832,3.070263821,3.080000485,2.708495609,3.077577644,3.080197,3.080215108,3.080501465,3.077127292,3.081160148,3.080503313,3.079724108,3.080460598,3.081289935,3.081138503,3.080506084,3.080285378,3.080521391,3.080067953,3.079872032,3.079155444,3.086969439,3.080120418,3.081886546,3.079905822,3.080539051,3.080515793,3.080515437,3.080407726,3.116233161,3.080611703,3.079528849,3.080591125,3.079856689,3.080228939,3.080591111,3.08056775,3.079889437,3.080498617,2.660207581,8.887671108,2.728580595,7.093933115,3.239245159,2.818554482,12.45657883,2.677684464,9.812287138,1.845550658,5.640810824,5.498317479,6.826483971,4.140124571,4.805285177,3.241212061,4.035256748,2.842489488,1.139841833,3.046671475,16.59803912,8.723970771,12.32958107,7.935039631,19.10119747,15.00174564,2.755626869,4.413345324,3.601272733,7.079338103,2.785748311,14.42852602,3.064561719,2.330556556,9.095940164,7.640670227,5.766735163,2.350613536,3.076710081
